SurveyKey,CaseKey,CaseID,InvitationDateKey,ResponseDateKey,InvitedAt,RespondedAt,OverallSatisfactionScore,EaseScore,ResolutionConfirmedFlag,FeedbackTopic,LowRatingFlag
1,3,CASE-2025-00003,20250106,20250107,2025-01-06T08:05:16,2025-01-07T13:20:15,4,5,true,Accuracy,false
2,5,CASE-2025-00005,20250110,20250114,2025-01-10T15:17:15,2025-01-14T13:53:07,3,3,true,Speed,false
3,23,CASE-2025-00023,20250107,20250108,2025-01-07T14:07:50,2025-01-08T15:37:42,4,5,true,Communication,false
4,25,CASE-2025-00025,20250108,20250116,2025-01-08T09:44:06,2025-01-16T08:10:28,4,4,true,Communication,false
5,29,CASE-2025-00029,20250107,20250109,2025-01-07T12:06:41,2025-01-09T12:36:13,4,3,true,Communication,false
6,34,CASE-2025-00034,20250106,20250110,2025-01-06T12:29:26,2025-01-10T10:31:19,4,4,true,Accuracy,false
7,42,CASE-2025-00042,20250107,20250115,2025-01-07T12:08:59,2025-01-15T09:10:12,5,5,true,Accuracy,false
8,43,CASE-2025-00043,20250108,20250115,2025-01-08T11:27:06,2025-01-15T09:02:59,5,5,true,Self-Service,false
9,44,CASE-2025-00044,20250108,20250116,2025-01-08T10:34:34,2025-01-16T10:32:00,4,4,true,Speed,false
10,48,CASE-2025-00048,20250110,20250120,2025-01-10T14:50:09,2025-01-20T10:52:50,4,5,false,Speed,false
11,54,CASE-2025-00054,20250110,20250115,2025-01-10T10:58:50,2025-01-15T10:50:13,5,5,true,Communication,false
12,61,CASE-2025-00061,20250110,20250110,2025-01-10T10:08:12,2025-01-10T12:08:18,4,4,true,Communication,false
13,70,CASE-2025-00070,20250110,20250113,2025-01-10T14:05:33,2025-01-13T14:21:24,5,5,true,Self-Service,false
14,73,CASE-2025-00073,20250110,20250114,2025-01-10T15:22:00,2025-01-14T13:53:10,4,4,true,Accuracy,false
15,76,CASE-2025-00076,20250113,20250117,2025-01-13T10:23:07,2025-01-17T12:13:43,4,4,true,Self-Service,false
16,82,CASE-2025-00082,20250113,20250121,2025-01-13T11:51:41,2025-01-21T11:48:28,4,3,true,Communication,false
17,83,CASE-2025-00083,20250108,20250110,2025-01-08T12:58:39,2025-01-10T12:35:28,5,4,true,Speed,false
18,85,CASE-2025-00085,20250110,20250117,2025-01-10T12:17:56,2025-01-17T12:46:43,5,5,true,Communication,false
19,86,CASE-2025-00086,20250110,20250115,2025-01-10T14:22:00,2025-01-15T10:11:03,4,5,true,Accuracy,false
20,91,CASE-2025-00091,20250114,20250117,2025-01-14T11:08:09,2025-01-17T12:27:38,3,4,true,Self-Service,false
21,97,CASE-2025-00097,20250115,20250121,2025-01-15T10:08:50,2025-01-21T13:38:50,3,3,true,Communication,false
22,99,CASE-2025-00099,20250114,20250120,2025-01-14T15:58:02,2025-01-20T11:37:31,3,3,true,Accuracy,false
23,100,CASE-2025-00100,20250110,20250113,2025-01-10T13:46:56,2025-01-13T15:47:32,5,4,true,Speed,false
24,104,CASE-2025-00104,20250113,20250117,2025-01-13T11:04:48,2025-01-17T15:17:22,5,4,true,Self-Service,false
25,107,CASE-2025-00107,20250110,20250120,2025-01-10T10:44:21,2025-01-20T09:35:23,3,3,true,Other,false
26,112,CASE-2025-00112,20250121,20250127,2025-01-21T08:21:01,2025-01-27T12:04:40,3,3,true,Communication,false
27,119,CASE-2025-00119,20250114,20250120,2025-01-14T11:43:06,2025-01-20T11:41:08,4,3,true,Self-Service,false
28,120,CASE-2025-00120,20250117,20250124,2025-01-17T14:16:29,2025-01-24T08:18:31,4,4,true,Speed,false
29,121,CASE-2025-00121,20250117,20250120,2025-01-17T10:32:32,2025-01-20T13:13:17,4,4,true,Speed,false
30,122,CASE-2025-00122,20250116,20250123,2025-01-16T15:21:48,2025-01-23T11:17:52,3,2,true,Speed,false
31,123,CASE-2025-00123,20250114,20250115,2025-01-14T15:08:29,2025-01-15T14:24:02,5,5,true,Other,false
32,127,CASE-2025-00127,20250117,20250117,2025-01-17T11:07:05,2025-01-17T15:09:27,4,4,false,Communication,false
33,128,CASE-2025-00128,20250115,20250117,2025-01-15T11:01:48,2025-01-17T14:16:10,4,5,false,Speed,false
34,129,CASE-2025-00129,20250114,20250115,2025-01-14T10:00:42,2025-01-15T13:09:48,4,4,true,Speed,false
35,132,CASE-2025-00132,20250113,20250120,2025-01-13T09:47:33,2025-01-20T08:03:31,4,4,false,Accuracy,false
36,133,CASE-2025-00133,20250115,20250123,2025-01-15T15:06:04,2025-01-23T09:14:27,4,4,true,Other,false
37,134,CASE-2025-00134,20250115,20250122,2025-01-15T10:59:38,2025-01-22T13:23:41,4,3,true,Self-Service,false
38,135,CASE-2025-00135,20250114,20250117,2025-01-14T15:32:25,2025-01-17T11:45:41,3,4,true,Communication,false
39,138,CASE-2025-00138,20250114,20250121,2025-01-14T10:59:46,2025-01-21T10:33:49,4,5,true,Accuracy,false
40,139,CASE-2025-00139,20250116,20250123,2025-01-16T14:02:01,2025-01-23T14:21:07,3,4,true,Accuracy,false
41,143,CASE-2025-00143,20250116,20250120,2025-01-16T12:36:08,2025-01-20T11:15:44,4,3,true,Speed,false
42,144,CASE-2025-00144,20250115,20250117,2025-01-15T08:15:48,2025-01-17T11:57:36,3,4,true,Self-Service,false
43,149,CASE-2025-00149,20250115,20250123,2025-01-15T11:23:18,2025-01-23T08:47:32,4,4,false,Communication,false
44,153,CASE-2025-00153,20250117,20250122,2025-01-17T13:02:54,2025-01-22T14:44:16,2,2,false,Accuracy,true
45,154,CASE-2025-00154,20250117,20250121,2025-01-17T13:04:10,2025-01-21T12:10:04,3,4,true,Communication,false
46,155,CASE-2025-00155,20250120,20250128,2025-01-20T14:40:51,2025-01-28T12:13:03,4,4,true,Speed,false
47,158,CASE-2025-00158,20250127,20250131,2025-01-27T15:20:28,2025-01-31T11:10:35,3,3,true,Speed,false
48,164,CASE-2025-00164,20250129,20250204,2025-01-29T15:42:09,2025-02-04T14:03:39,3,3,true,Accuracy,false
49,165,CASE-2025-00165,20250116,20250117,2025-01-16T14:50:09,2025-01-17T10:00:08,4,4,true,Communication,false
50,167,CASE-2025-00167,20250120,20250127,2025-01-20T08:43:47,2025-01-27T09:21:20,4,5,false,Accuracy,false
51,168,CASE-2025-00168,20250120,20250124,2025-01-20T10:08:59,2025-01-24T10:55:21,3,4,false,Communication,false
52,171,CASE-2025-00171,20250121,20250122,2025-01-21T08:26:39,2025-01-22T12:08:47,2,2,true,Communication,true
53,173,CASE-2025-00173,20250120,20250123,2025-01-20T15:54:28,2025-01-23T12:09:43,4,5,false,Speed,false
54,175,CASE-2025-00175,20250117,20250127,2025-01-17T14:13:53,2025-01-27T12:05:08,3,3,true,Accuracy,false
55,177,CASE-2025-00177,20250115,20250121,2025-01-15T14:54:05,2025-01-21T09:37:44,4,4,true,Communication,false
56,178,CASE-2025-00178,20250116,20250122,2025-01-16T13:31:01,2025-01-22T09:09:27,5,5,true,Accuracy,false
57,183,CASE-2025-00183,20250116,20250120,2025-01-16T11:14:33,2025-01-20T10:53:34,3,3,true,Accuracy,false
58,186,CASE-2025-00186,20250116,20250121,2025-01-16T11:17:43,2025-01-21T09:08:09,3,3,false,Communication,false
59,192,CASE-2025-00192,20250120,20250122,2025-01-20T14:45:18,2025-01-22T09:58:31,4,4,true,Accuracy,false
60,193,CASE-2025-00193,20250121,20250128,2025-01-21T08:31:59,2025-01-28T15:00:55,4,4,true,Accuracy,false
61,195,CASE-2025-00195,20250121,20250122,2025-01-21T14:46:00,2025-01-22T10:11:41,4,4,true,Accuracy,false
62,196,CASE-2025-00196,20250116,20250120,2025-01-16T12:45:06,2025-01-20T11:04:30,3,4,false,Accuracy,false
63,208,CASE-2025-00208,20250117,20250121,2025-01-17T10:00:06,2025-01-21T08:23:27,3,2,false,Self-Service,false
64,209,CASE-2025-00209,20250116,20250120,2025-01-16T14:30:40,2025-01-20T09:34:48,4,5,true,Accuracy,false
65,215,CASE-2025-00215,20250117,20250120,2025-01-17T14:36:06,2025-01-20T14:09:11,4,3,true,Speed,false
66,216,CASE-2025-00216,20250121,20250129,2025-01-21T12:19:50,2025-01-29T09:18:20,4,5,true,Communication,false
67,217,CASE-2025-00217,20250120,20250122,2025-01-20T12:14:55,2025-01-22T12:49:18,3,3,false,Accuracy,false
68,222,CASE-2025-00222,20250120,20250120,2025-01-20T09:32:39,2025-01-20T15:30:07,3,3,true,Other,false
69,229,CASE-2025-00229,20250128,20250131,2025-01-28T11:53:05,2025-01-31T13:02:55,4,4,true,Self-Service,false
70,232,CASE-2025-00232,20250121,20250123,2025-01-21T13:19:21,2025-01-23T10:04:57,2,2,true,Communication,true
71,233,CASE-2025-00233,20250121,20250122,2025-01-21T10:22:03,2025-01-22T08:35:53,4,4,true,Communication,false
72,235,CASE-2025-00235,20250121,20250128,2025-01-21T11:42:01,2025-01-28T13:30:36,5,5,true,Speed,false
73,236,CASE-2025-00236,20250123,20250130,2025-01-23T13:53:32,2025-01-30T10:42:21,5,4,true,Speed,false
74,237,CASE-2025-00237,20250120,20250121,2025-01-20T08:16:33,2025-01-21T11:29:56,4,3,false,Accuracy,false
75,244,CASE-2025-00244,20250121,20250121,2025-01-21T09:16:15,2025-01-21T13:59:28,3,3,true,Other,false
76,247,CASE-2025-00247,20250129,20250206,2025-01-29T08:07:33,2025-02-06T10:59:40,4,4,true,Communication,false
77,248,CASE-2025-00248,20250121,20250128,2025-01-21T13:20:34,2025-01-28T12:33:43,4,5,true,Self-Service,false
78,249,CASE-2025-00249,20250122,20250122,2025-01-22T09:42:10,2025-01-22T12:28:41,4,4,true,Communication,false
79,256,CASE-2025-00256,20250123,20250124,2025-01-23T10:58:36,2025-01-24T15:38:29,4,3,true,Communication,false
80,258,CASE-2025-00258,20250123,20250127,2025-01-23T15:34:11,2025-01-27T08:01:46,3,3,true,Speed,false
81,260,CASE-2025-00260,20250122,20250127,2025-01-22T15:37:55,2025-01-27T11:08:25,3,3,true,Communication,false
82,264,CASE-2025-00264,20250124,20250204,2025-01-24T11:25:12,2025-02-04T08:57:43,4,5,true,Communication,false
83,266,CASE-2025-00266,20250121,20250128,2025-01-21T14:23:03,2025-01-28T10:31:59,3,4,true,Accuracy,false
84,273,CASE-2025-00273,20250124,20250130,2025-01-24T12:46:46,2025-01-30T15:07:49,4,4,true,Other,false
85,274,CASE-2025-00274,20250128,20250204,2025-01-28T10:05:15,2025-02-04T10:05:32,4,4,true,Speed,false
86,276,CASE-2025-00276,20250204,20250212,2025-02-04T14:21:13,2025-02-12T13:31:02,3,2,false,Speed,false
87,278,CASE-2025-00278,20250124,20250127,2025-01-24T11:01:59,2025-01-27T08:00:20,5,5,true,Speed,false
88,279,CASE-2025-00279,20250123,20250124,2025-01-23T08:57:42,2025-01-24T15:08:44,3,2,true,Speed,false
89,286,CASE-2025-00286,20250123,20250130,2025-01-23T09:58:47,2025-01-30T14:13:50,3,3,true,Speed,false
90,290,CASE-2025-00290,20250124,20250127,2025-01-24T10:14:28,2025-01-27T15:55:04,3,3,true,Other,false
91,292,CASE-2025-00292,20250121,20250128,2025-01-21T15:33:44,2025-01-28T13:32:22,4,5,true,Accuracy,false
92,297,CASE-2025-00297,20250129,20250205,2025-01-29T15:57:57,2025-02-05T13:12:15,4,4,true,Speed,false
93,303,CASE-2025-00303,20250128,20250205,2025-01-28T08:59:51,2025-02-05T14:01:30,3,3,false,Speed,false
94,307,CASE-2025-00307,20250127,20250129,2025-01-27T12:05:12,2025-01-29T13:49:26,4,4,true,Communication,false
95,316,CASE-2025-00316,20250129,20250129,2025-01-29T09:02:18,2025-01-29T12:50:23,4,4,false,Other,false
96,319,CASE-2025-00319,20250123,20250130,2025-01-23T13:32:14,2025-01-30T11:14:08,5,5,true,Other,false
97,320,CASE-2025-00320,20250123,20250127,2025-01-23T11:30:08,2025-01-27T14:41:45,5,5,true,Accuracy,false
98,325,CASE-2025-00325,20250122,20250127,2025-01-22T15:19:57,2025-01-27T12:59:04,4,5,true,Speed,false
99,327,CASE-2025-00327,20250127,20250129,2025-01-27T15:31:35,2025-01-29T13:10:19,4,4,false,Communication,false
100,328,CASE-2025-00328,20250124,20250127,2025-01-24T09:51:58,2025-01-27T09:32:39,3,3,false,Speed,false
101,330,CASE-2025-00330,20250129,20250204,2025-01-29T11:35:26,2025-02-04T10:32:45,4,4,true,Self-Service,false
102,331,CASE-2025-00331,20250131,20250211,2025-01-31T15:11:53,2025-02-11T11:36:08,4,4,false,Communication,false
103,338,CASE-2025-00338,20250130,20250204,2025-01-30T08:45:33,2025-02-04T13:05:12,4,5,true,Speed,false
104,341,CASE-2025-00341,20250129,20250130,2025-01-29T13:25:03,2025-01-30T09:45:47,3,4,true,Self-Service,false
105,350,CASE-2025-00350,20250204,20250211,2025-02-04T12:50:30,2025-02-11T14:33:44,2,3,true,Accuracy,true
106,352,CASE-2025-00352,20250128,20250205,2025-01-28T12:54:04,2025-02-05T11:23:20,4,5,true,Speed,false
107,353,CASE-2025-00353,20250204,20250206,2025-02-04T14:30:02,2025-02-06T15:54:04,5,5,true,Accuracy,false
108,354,CASE-2025-00354,20250205,20250210,2025-02-05T10:54:59,2025-02-10T09:29:22,4,4,true,Speed,false
109,355,CASE-2025-00355,20250128,20250205,2025-01-28T10:48:03,2025-02-05T11:31:02,4,5,true,Communication,false
110,357,CASE-2025-00357,20250129,20250129,2025-01-29T10:21:00,2025-01-29T12:42:52,5,4,true,Accuracy,false
111,359,CASE-2025-00359,20250127,20250129,2025-01-27T13:42:39,2025-01-29T11:24:11,4,4,true,Speed,false
112,360,CASE-2025-00360,20250128,20250129,2025-01-28T10:58:43,2025-01-29T09:29:36,5,4,true,Speed,false
113,361,CASE-2025-00361,20250124,20250128,2025-01-24T14:05:08,2025-01-28T15:07:21,4,5,true,Speed,false
114,363,CASE-2025-00363,20250131,20250210,2025-01-31T10:08:41,2025-02-10T09:40:30,4,5,true,Self-Service,false
115,373,CASE-2025-00373,20250128,20250130,2025-01-28T12:52:02,2025-01-30T12:46:07,4,4,true,Speed,false
116,376,CASE-2025-00376,20250130,20250131,2025-01-30T13:43:28,2025-01-31T10:47:12,4,4,false,Speed,false
117,377,CASE-2025-00377,20250131,20250210,2025-01-31T11:38:25,2025-02-10T08:41:02,3,3,true,Speed,false
118,378,CASE-2025-00378,20250128,20250129,2025-01-28T08:26:53,2025-01-29T11:45:12,4,4,true,Self-Service,false
119,379,CASE-2025-00379,20250129,20250207,2025-01-29T08:27:40,2025-02-07T08:02:34,3,3,true,Speed,false
120,381,CASE-2025-00381,20250129,20250206,2025-01-29T09:57:51,2025-02-06T08:04:06,4,4,false,Speed,false
121,386,CASE-2025-00386,20250207,20250213,2025-02-07T08:23:18,2025-02-13T13:01:10,4,5,true,Communication,false
122,387,CASE-2025-00387,20250129,20250130,2025-01-29T10:40:06,2025-01-30T10:43:03,3,2,false,Communication,false
123,388,CASE-2025-00388,20250206,20250211,2025-02-06T11:04:49,2025-02-11T14:30:07,4,4,true,Accuracy,false
124,390,CASE-2025-00390,20250128,20250131,2025-01-28T10:35:22,2025-01-31T09:08:21,3,4,false,Speed,false
125,404,CASE-2025-00404,20250130,20250131,2025-01-30T08:20:52,2025-01-31T14:06:35,3,2,true,Communication,false
126,405,CASE-2025-00405,20250130,20250206,2025-01-30T11:50:01,2025-02-06T08:41:14,5,4,true,Communication,false
127,406,CASE-2025-00406,20250205,20250211,2025-02-05T09:15:06,2025-02-11T08:45:30,4,4,true,Communication,false
128,407,CASE-2025-00407,20250129,20250204,2025-01-29T08:40:39,2025-02-04T09:21:50,5,5,true,Accuracy,false
129,409,CASE-2025-00409,20250130,20250204,2025-01-30T09:34:36,2025-02-04T10:08:47,3,3,true,Speed,false
130,412,CASE-2025-00412,20250128,20250130,2025-01-28T15:11:55,2025-01-30T13:22:33,3,3,true,Accuracy,false
131,416,CASE-2025-00416,20250205,20250211,2025-02-05T13:35:28,2025-02-11T11:39:27,3,3,true,Speed,false
132,417,CASE-2025-00417,20250207,20250213,2025-02-07T15:20:51,2025-02-13T12:29:13,2,3,true,Speed,true
133,427,CASE-2025-00427,20250128,20250204,2025-01-28T12:51:38,2025-02-04T13:54:54,4,4,true,Accuracy,false
134,429,CASE-2025-00429,20250130,20250130,2025-01-30T10:56:11,2025-01-30T15:36:49,4,3,true,Self-Service,false
135,430,CASE-2025-00430,20250204,20250207,2025-02-04T08:47:17,2025-02-07T11:45:35,5,5,true,Accuracy,false
136,433,CASE-2025-00433,20250205,20250212,2025-02-05T15:38:56,2025-02-12T11:27:45,5,5,true,Speed,false
137,435,CASE-2025-00435,20250130,20250206,2025-01-30T14:23:27,2025-02-06T15:10:22,4,5,true,Speed,false
138,436,CASE-2025-00436,20250129,20250206,2025-01-29T12:21:45,2025-02-06T12:58:50,5,5,true,Accuracy,false
139,437,CASE-2025-00437,20250131,20250210,2025-01-31T09:01:34,2025-02-10T09:16:11,4,3,true,Self-Service,false
140,441,CASE-2025-00441,20250205,20250207,2025-02-05T10:01:08,2025-02-07T11:48:58,5,4,true,Speed,false
141,443,CASE-2025-00443,20250204,20250205,2025-02-04T08:39:13,2025-02-05T15:54:05,5,5,true,Communication,false
142,448,CASE-2025-00448,20250130,20250205,2025-01-30T11:18:06,2025-02-05T14:52:22,4,4,true,Other,false
143,451,CASE-2025-00451,20250131,20250211,2025-01-31T14:31:20,2025-02-11T11:38:38,4,4,true,Communication,false
144,454,CASE-2025-00454,20250205,20250210,2025-02-05T13:29:48,2025-02-10T11:10:30,3,3,true,Accuracy,false
145,457,CASE-2025-00457,20250131,20250204,2025-01-31T14:07:07,2025-02-04T09:05:06,4,3,false,Speed,false
146,461,CASE-2025-00461,20250205,20250210,2025-02-05T08:00:41,2025-02-10T14:49:35,4,5,true,Speed,false
147,464,CASE-2025-00464,20250204,20250207,2025-02-04T11:42:21,2025-02-07T11:59:17,4,4,true,Speed,false
148,466,CASE-2025-00466,20250206,20250211,2025-02-06T11:34:23,2025-02-11T08:40:47,4,4,false,Self-Service,false
149,469,CASE-2025-00469,20250206,20250213,2025-02-06T15:22:30,2025-02-13T12:42:19,4,5,true,Communication,false
150,474,CASE-2025-00474,20250131,20250204,2025-01-31T13:46:54,2025-02-04T11:18:33,5,4,true,Communication,false
151,475,CASE-2025-00475,20250130,20250210,2025-01-30T12:52:50,2025-02-10T10:23:56,5,5,true,Accuracy,false
152,480,CASE-2025-00480,20250211,20250217,2025-02-11T08:24:12,2025-02-17T12:12:33,2,1,false,Speed,true
153,481,CASE-2025-00481,20250131,20250205,2025-01-31T12:54:26,2025-02-05T11:16:53,5,5,true,Speed,false
154,483,CASE-2025-00483,20250206,20250212,2025-02-06T08:29:30,2025-02-12T12:47:12,3,3,true,Speed,false
155,491,CASE-2025-00491,20250207,20250210,2025-02-07T11:00:18,2025-02-10T09:58:50,4,4,true,Accuracy,false
156,510,CASE-2025-00510,20250206,20250210,2025-02-06T12:37:13,2025-02-10T15:37:10,3,3,false,Other,false
157,512,CASE-2025-00512,20250204,20250205,2025-02-04T14:07:43,2025-02-05T11:37:32,3,3,true,Speed,false
158,513,CASE-2025-00513,20250213,20250214,2025-02-13T10:28:52,2025-02-14T11:24:31,4,5,true,Accuracy,false
159,515,CASE-2025-00515,20250213,20250218,2025-02-13T13:09:36,2025-02-18T15:31:42,3,2,true,Accuracy,false
160,516,CASE-2025-00516,20250205,20250210,2025-02-05T09:53:07,2025-02-10T15:59:18,4,5,false,Self-Service,false
161,517,CASE-2025-00517,20250206,20250212,2025-02-06T14:38:03,2025-02-12T15:17:46,3,3,false,Accuracy,false
162,523,CASE-2025-00523,20250206,20250210,2025-02-06T12:20:41,2025-02-10T15:52:48,4,4,false,Communication,false
163,524,CASE-2025-00524,20250210,20250218,2025-02-10T09:08:09,2025-02-18T08:34:22,4,4,true,Speed,false
164,532,CASE-2025-00532,20250206,20250210,2025-02-06T10:35:56,2025-02-10T14:02:55,4,3,true,Self-Service,false
165,534,CASE-2025-00534,20250207,20250210,2025-02-07T15:29:40,2025-02-10T14:24:43,5,3,true,Self-Service,false
166,536,CASE-2025-00536,20250207,20250213,2025-02-07T08:37:20,2025-02-13T08:09:45,3,3,true,Speed,false
167,537,CASE-2025-00537,20250207,20250210,2025-02-07T09:11:22,2025-02-10T15:21:41,5,5,false,Other,false
168,541,CASE-2025-00541,20250206,20250211,2025-02-06T08:43:53,2025-02-11T15:26:36,4,4,true,Speed,false
169,545,CASE-2025-00545,20250205,20250211,2025-02-05T13:35:06,2025-02-11T08:08:01,3,4,true,Communication,false
170,548,CASE-2025-00548,20250211,20250218,2025-02-11T15:02:35,2025-02-18T15:00:18,4,3,true,Communication,false
171,550,CASE-2025-00550,20250205,20250210,2025-02-05T15:48:07,2025-02-10T12:22:17,4,4,true,Accuracy,false
172,552,CASE-2025-00552,20250207,20250213,2025-02-07T12:57:46,2025-02-13T10:23:36,3,3,true,Speed,false
173,556,CASE-2025-00556,20250206,20250210,2025-02-06T08:45:11,2025-02-10T10:03:52,4,4,true,Speed,false
174,558,CASE-2025-00558,20250211,20250214,2025-02-11T14:05:58,2025-02-14T12:07:47,4,4,true,Communication,false
175,559,CASE-2025-00559,20250210,20250218,2025-02-10T15:54:53,2025-02-18T09:19:41,4,4,true,Accuracy,false
176,560,CASE-2025-00560,20250207,20250213,2025-02-07T11:12:30,2025-02-13T09:14:54,4,4,true,Communication,false
177,569,CASE-2025-00569,20250210,20250214,2025-02-10T15:25:13,2025-02-14T12:26:12,4,4,true,Speed,false
178,570,CASE-2025-00570,20250207,20250207,2025-02-07T09:27:47,2025-02-07T15:30:55,4,4,true,Speed,false
179,571,CASE-2025-00571,20250207,20250211,2025-02-07T14:33:46,2025-02-11T15:58:04,4,4,true,Communication,false
180,578,CASE-2025-00578,20250206,20250210,2025-02-06T13:55:15,2025-02-10T13:51:14,3,4,true,Speed,false
181,580,CASE-2025-00580,20250206,20250212,2025-02-06T11:41:54,2025-02-12T14:44:07,4,4,true,Accuracy,false
182,581,CASE-2025-00581,20250207,20250210,2025-02-07T15:01:17,2025-02-10T15:46:03,5,4,true,Communication,false
183,585,CASE-2025-00585,20250206,20250210,2025-02-06T08:34:09,2025-02-10T08:56:16,4,4,true,Communication,false
184,586,CASE-2025-00586,20250206,20250210,2025-02-06T12:40:39,2025-02-10T09:18:44,5,5,true,Accuracy,false
185,590,CASE-2025-00590,20250211,20250213,2025-02-11T15:38:39,2025-02-13T10:48:19,2,2,false,Accuracy,true
186,594,CASE-2025-00594,20250206,20250211,2025-02-06T08:53:20,2025-02-11T11:36:56,4,4,true,Accuracy,false
187,597,CASE-2025-00597,20250210,20250213,2025-02-10T11:31:27,2025-02-13T11:04:56,5,5,true,Accuracy,false
188,603,CASE-2025-00603,20250211,20250218,2025-02-11T14:37:33,2025-02-18T14:17:39,5,5,true,Speed,false
189,605,CASE-2025-00605,20250207,20250213,2025-02-07T13:44:16,2025-02-13T15:46:42,4,3,true,Communication,false
190,607,CASE-2025-00607,20250207,20250211,2025-02-07T10:12:53,2025-02-11T08:55:50,4,5,true,Self-Service,false
191,612,CASE-2025-00612,20250211,20250217,2025-02-11T10:16:00,2025-02-17T09:39:47,4,5,true,Accuracy,false
192,613,CASE-2025-00613,20250207,20250212,2025-02-07T08:26:40,2025-02-12T09:32:50,5,5,true,Accuracy,false
193,615,CASE-2025-00615,20250210,20250211,2025-02-10T10:56:14,2025-02-11T09:08:35,5,5,true,Speed,false
194,616,CASE-2025-00616,20250226,20250228,2025-02-26T14:33:52,2025-02-28T09:13:48,5,5,true,Speed,false
195,617,CASE-2025-00617,20250214,20250214,2025-02-14T10:43:59,2025-02-14T14:07:19,3,3,true,Accuracy,false
196,618,CASE-2025-00618,20250211,20250213,2025-02-11T08:13:31,2025-02-13T10:57:12,3,4,false,Communication,false
197,620,CASE-2025-00620,20250217,20250219,2025-02-17T11:41:36,2025-02-19T10:35:01,3,2,true,Communication,false
198,622,CASE-2025-00622,20250207,20250210,2025-02-07T12:37:27,2025-02-10T08:42:34,4,3,true,Accuracy,false
199,623,CASE-2025-00623,20250213,20250218,2025-02-13T14:00:19,2025-02-18T09:33:32,4,4,false,Communication,false
200,624,CASE-2025-00624,20250212,20250212,2025-02-12T08:22:26,2025-02-12T13:01:14,4,4,true,Speed,false
201,625,CASE-2025-00625,20250211,20250212,2025-02-11T12:40:13,2025-02-12T14:38:34,4,4,true,Accuracy,false
202,627,CASE-2025-00627,20250214,20250220,2025-02-14T09:06:45,2025-02-20T14:58:19,3,2,true,Speed,false
203,630,CASE-2025-00630,20250210,20250214,2025-02-10T13:16:14,2025-02-14T08:15:39,3,2,true,Speed,false
204,633,CASE-2025-00633,20250213,20250217,2025-02-13T09:57:32,2025-02-17T12:25:44,3,3,true,Accuracy,false
205,643,CASE-2025-00643,20250214,20250220,2025-02-14T14:33:02,2025-02-20T08:57:48,3,3,false,Communication,false
206,648,CASE-2025-00648,20250219,20250221,2025-02-19T08:35:34,2025-02-21T08:53:17,3,3,false,Accuracy,false
207,650,CASE-2025-00650,20250210,20250212,2025-02-10T10:06:16,2025-02-12T08:30:34,4,4,true,Other,false
208,654,CASE-2025-00654,20250211,20250213,2025-02-11T12:40:20,2025-02-13T12:22:50,4,4,true,Communication,false
209,655,CASE-2025-00655,20250212,20250212,2025-02-12T08:20:14,2025-02-12T12:28:14,3,3,false,Speed,false
210,657,CASE-2025-00657,20250212,20250213,2025-02-12T08:22:16,2025-02-13T10:21:08,5,5,true,Communication,false
211,658,CASE-2025-00658,20250211,20250218,2025-02-11T10:44:54,2025-02-18T10:19:45,4,4,true,Accuracy,false
212,662,CASE-2025-00662,20250213,20250218,2025-02-13T09:40:26,2025-02-18T11:17:51,4,3,true,Accuracy,false
213,672,CASE-2025-00672,20250214,20250219,2025-02-14T12:35:25,2025-02-19T12:45:28,4,5,true,Speed,false
214,673,CASE-2025-00673,20250212,20250219,2025-02-12T08:20:00,2025-02-19T12:29:41,4,4,false,Accuracy,false
215,678,CASE-2025-00678,20250217,20250225,2025-02-17T12:05:29,2025-02-25T09:48:03,4,4,false,Communication,false
216,692,CASE-2025-00692,20250213,20250220,2025-02-13T11:08:08,2025-02-20T12:00:41,4,4,false,Speed,false
217,693,CASE-2025-00693,20250214,20250224,2025-02-14T13:40:15,2025-02-24T08:32:03,3,3,false,Speed,false
218,694,CASE-2025-00694,20250211,20250214,2025-02-11T13:51:13,2025-02-14T10:03:13,3,3,true,Other,false
219,697,CASE-2025-00697,20250212,20250217,2025-02-12T11:40:50,2025-02-17T08:51:57,5,5,true,Other,false
220,698,CASE-2025-00698,20250218,20250226,2025-02-18T11:15:35,2025-02-26T08:43:38,4,4,true,Speed,false
221,699,CASE-2025-00699,20250214,20250219,2025-02-14T08:03:12,2025-02-19T08:30:15,4,5,true,Speed,false
222,700,CASE-2025-00700,20250212,20250214,2025-02-12T13:02:41,2025-02-14T11:46:09,3,3,true,Self-Service,false
223,701,CASE-2025-00701,20250214,20250218,2025-02-14T12:16:39,2025-02-18T11:16:12,3,4,true,Speed,false
224,704,CASE-2025-00704,20250212,20250218,2025-02-12T14:48:32,2025-02-18T09:10:49,4,3,true,Speed,false
225,710,CASE-2025-00710,20250217,20250220,2025-02-17T08:10:43,2025-02-20T14:38:41,4,4,true,Speed,false
226,711,CASE-2025-00711,20250214,20250224,2025-02-14T12:51:18,2025-02-24T10:56:47,4,5,true,Accuracy,false
227,714,CASE-2025-00714,20250214,20250221,2025-02-14T10:14:33,2025-02-21T12:21:42,4,4,true,Accuracy,false
228,718,CASE-2025-00718,20250213,20250220,2025-02-13T09:34:13,2025-02-20T11:28:20,5,4,true,Other,false
229,724,CASE-2025-00724,20250214,20250221,2025-02-14T12:54:15,2025-02-21T11:59:43,4,4,true,Communication,false
230,728,CASE-2025-00728,20250214,20250221,2025-02-14T09:46:21,2025-02-21T15:25:23,4,5,true,Speed,false
231,729,CASE-2025-00729,20250217,20250218,2025-02-17T10:28:53,2025-02-18T12:39:47,4,4,true,Self-Service,false
232,733,CASE-2025-00733,20250217,20250218,2025-02-17T08:02:45,2025-02-18T14:02:43,5,5,true,Communication,false
233,734,CASE-2025-00734,20250217,20250225,2025-02-17T14:37:32,2025-02-25T09:57:01,4,4,true,Accuracy,false
234,735,CASE-2025-00735,20250219,20250221,2025-02-19T14:47:54,2025-02-21T09:26:40,4,4,true,Self-Service,false
235,738,CASE-2025-00738,20250220,20250225,2025-02-20T08:16:53,2025-02-25T08:01:57,3,4,true,Speed,false
236,743,CASE-2025-00743,20250219,20250219,2025-02-19T10:22:04,2025-02-19T15:46:41,4,4,true,Speed,false
237,746,CASE-2025-00746,20250218,20250221,2025-02-18T10:26:54,2025-02-21T09:34:22,3,3,true,Communication,false
238,747,CASE-2025-00747,20250214,20250218,2025-02-14T15:18:21,2025-02-18T15:10:57,4,4,true,Communication,false
239,749,CASE-2025-00749,20250220,20250225,2025-02-20T11:44:30,2025-02-25T14:51:43,5,5,true,Accuracy,false
240,753,CASE-2025-00753,20250218,20250219,2025-02-18T08:47:48,2025-02-19T11:52:39,4,3,false,Accuracy,false
241,754,CASE-2025-00754,20250214,20250218,2025-02-14T14:31:34,2025-02-18T09:36:30,5,5,true,Self-Service,false
242,761,CASE-2025-00761,20250224,20250226,2025-02-24T13:30:49,2025-02-26T15:37:47,4,4,true,Self-Service,false
243,766,CASE-2025-00766,20250217,20250217,2025-02-17T12:01:03,2025-02-17T14:26:01,5,4,true,Speed,false
244,771,CASE-2025-00771,20250220,20250221,2025-02-20T14:48:14,2025-02-21T11:55:50,4,3,true,Communication,false
245,773,CASE-2025-00773,20250224,20250228,2025-02-24T11:42:54,2025-02-28T11:12:56,4,4,true,Communication,false
246,775,CASE-2025-00775,20250218,20250225,2025-02-18T15:50:39,2025-02-25T13:18:06,5,5,true,Communication,false
247,780,CASE-2025-00780,20250225,20250227,2025-02-25T08:01:19,2025-02-27T09:26:03,4,5,true,Speed,false
248,785,CASE-2025-00785,20250221,20250225,2025-02-21T15:29:05,2025-02-25T15:58:47,3,2,false,Accuracy,false
249,787,CASE-2025-00787,20250221,20250227,2025-02-21T08:55:40,2025-02-27T15:37:49,5,5,true,Communication,false
250,791,CASE-2025-00791,20250218,20250221,2025-02-18T11:25:32,2025-02-21T11:07:23,5,5,true,Speed,false
251,793,CASE-2025-00793,20250219,20250224,2025-02-19T09:36:40,2025-02-24T10:52:27,4,4,true,Speed,false
252,796,CASE-2025-00796,20250225,20250225,2025-02-25T10:46:36,2025-02-25T15:46:50,3,4,true,Self-Service,false
253,801,CASE-2025-00801,20250220,20250224,2025-02-20T13:48:06,2025-02-24T11:05:19,5,5,true,Accuracy,false
254,802,CASE-2025-00802,20250220,20250220,2025-02-20T08:48:30,2025-02-20T14:25:30,4,4,false,Speed,false
255,804,CASE-2025-00804,20250224,20250304,2025-02-24T13:55:53,2025-03-04T10:20:08,3,4,true,Self-Service,false
256,806,CASE-2025-00806,20250219,20250227,2025-02-19T11:46:09,2025-02-27T10:08:29,4,3,true,Communication,false
257,811,CASE-2025-00811,20250305,20250306,2025-03-05T10:26:10,2025-03-06T14:35:39,3,4,true,Speed,false
258,814,CASE-2025-00814,20250224,20250226,2025-02-24T10:21:34,2025-02-26T12:23:45,4,4,true,Speed,false
259,815,CASE-2025-00815,20250224,20250228,2025-02-24T08:56:32,2025-02-28T15:08:52,4,4,true,Speed,false
260,819,CASE-2025-00819,20250221,20250224,2025-02-21T14:57:22,2025-02-24T15:07:48,4,3,true,Speed,false
261,826,CASE-2025-00826,20250226,20250305,2025-02-26T12:29:50,2025-03-05T10:28:24,3,3,true,Speed,false
262,829,CASE-2025-00829,20250221,20250226,2025-02-21T12:02:19,2025-02-26T14:44:04,5,5,true,Other,false
263,830,CASE-2025-00830,20250226,20250227,2025-02-26T10:30:36,2025-02-27T12:44:00,4,3,true,Accuracy,false
264,831,CASE-2025-00831,20250228,20250306,2025-02-28T11:12:18,2025-03-06T12:15:59,2,2,true,Speed,true
265,833,CASE-2025-00833,20250226,20250306,2025-02-26T10:14:28,2025-03-06T08:55:16,5,5,true,Accuracy,false
266,840,CASE-2025-00840,20250221,20250224,2025-02-21T13:17:05,2025-02-24T13:44:57,5,4,true,Speed,false
267,848,CASE-2025-00848,20250226,20250306,2025-02-26T13:08:46,2025-03-06T12:03:48,5,4,true,Self-Service,false
268,856,CASE-2025-00856,20250226,20250306,2025-02-26T15:05:58,2025-03-06T10:40:03,4,4,true,Speed,false
269,857,CASE-2025-00857,20250304,20250311,2025-03-04T11:25:18,2025-03-11T09:11:20,2,2,false,Communication,true
270,863,CASE-2025-00863,20250224,20250226,2025-02-24T11:01:54,2025-02-26T14:00:39,3,2,false,Communication,false
271,865,CASE-2025-00865,20250228,20250304,2025-02-28T12:26:32,2025-03-04T08:14:06,5,4,true,Other,false
272,866,CASE-2025-00866,20250225,20250228,2025-02-25T14:56:16,2025-02-28T09:23:52,4,4,false,Self-Service,false
273,871,CASE-2025-00871,20250228,20250304,2025-02-28T11:39:28,2025-03-04T08:10:21,5,5,true,Speed,false
274,874,CASE-2025-00874,20250227,20250228,2025-02-27T08:46:15,2025-02-28T13:43:13,4,4,true,Communication,false
275,875,CASE-2025-00875,20250227,20250303,2025-02-27T12:26:53,2025-03-03T13:52:08,5,5,true,Other,false
276,877,CASE-2025-00877,20250225,20250228,2025-02-25T15:33:03,2025-02-28T15:01:25,4,4,true,Speed,false
277,880,CASE-2025-00880,20250225,20250305,2025-02-25T10:50:54,2025-03-05T09:01:30,4,4,true,Communication,false
278,881,CASE-2025-00881,20250226,20250228,2025-02-26T08:58:43,2025-02-28T15:50:12,3,3,true,Speed,false
279,882,CASE-2025-00882,20250227,20250307,2025-02-27T15:57:27,2025-03-07T15:12:20,4,4,true,Other,false
280,883,CASE-2025-00883,20250225,20250228,2025-02-25T15:08:53,2025-02-28T13:08:59,4,4,true,Communication,false
281,884,CASE-2025-00884,20250303,20250306,2025-03-03T13:18:32,2025-03-06T14:26:58,4,4,true,Speed,false
282,886,CASE-2025-00886,20250306,20250314,2025-03-06T10:32:38,2025-03-14T09:17:52,4,4,true,Communication,false
283,888,CASE-2025-00888,20250228,20250307,2025-02-28T09:18:31,2025-03-07T14:12:17,4,4,true,Accuracy,false
284,889,CASE-2025-00889,20250228,20250305,2025-02-28T13:57:27,2025-03-05T12:32:48,4,3,true,Communication,false
285,890,CASE-2025-00890,20250226,20250228,2025-02-26T08:45:26,2025-02-28T15:02:26,5,5,true,Self-Service,false
286,893,CASE-2025-00893,20250303,20250310,2025-03-03T10:33:14,2025-03-10T14:22:31,3,4,true,Communication,false
287,897,CASE-2025-00897,20250226,20250228,2025-02-26T11:00:24,2025-02-28T14:48:52,5,4,true,Speed,false
288,903,CASE-2025-00903,20250303,20250307,2025-03-03T12:56:15,2025-03-07T13:30:20,4,3,true,Communication,false
289,904,CASE-2025-00904,20250227,20250228,2025-02-27T12:33:54,2025-02-28T11:56:07,4,4,true,Speed,false
290,905,CASE-2025-00905,20250306,20250307,2025-03-06T10:44:11,2025-03-07T14:38:31,3,3,false,Speed,false
291,906,CASE-2025-00906,20250305,20250312,2025-03-05T12:47:34,2025-03-12T08:18:16,4,4,true,Communication,false
292,916,CASE-2025-00916,20250228,20250307,2025-02-28T14:35:51,2025-03-07T14:32:50,3,3,true,Accuracy,false
293,918,CASE-2025-00918,20250227,20250228,2025-02-27T12:32:37,2025-02-28T10:36:07,3,3,false,Self-Service,false
294,923,CASE-2025-00923,20250306,20250312,2025-03-06T13:03:49,2025-03-12T12:28:16,2,3,true,Communication,true
295,924,CASE-2025-00924,20250306,20250313,2025-03-06T14:25:23,2025-03-13T11:45:52,3,3,true,Accuracy,false
296,928,CASE-2025-00928,20250228,20250306,2025-02-28T14:20:35,2025-03-06T11:46:21,4,4,true,Self-Service,false
297,930,CASE-2025-00930,20250228,20250306,2025-02-28T08:13:25,2025-03-06T12:28:57,4,4,true,Speed,false
298,933,CASE-2025-00933,20250228,20250306,2025-02-28T13:44:51,2025-03-06T13:14:23,4,4,true,Speed,false
299,935,CASE-2025-00935,20250305,20250312,2025-03-05T09:07:02,2025-03-12T13:27:47,4,4,false,Communication,false
300,936,CASE-2025-00936,20250228,20250307,2025-02-28T15:52:44,2025-03-07T08:47:39,4,4,true,Communication,false
301,940,CASE-2025-00940,20250227,20250227,2025-02-27T12:26:27,2025-02-27T14:40:10,3,3,true,Self-Service,false
302,941,CASE-2025-00941,20250305,20250307,2025-03-05T11:24:14,2025-03-07T12:05:35,5,5,true,Accuracy,false
303,944,CASE-2025-00944,20250303,20250306,2025-03-03T10:35:03,2025-03-06T10:35:08,5,5,true,Self-Service,false
304,945,CASE-2025-00945,20250303,20250306,2025-03-03T13:01:04,2025-03-06T08:16:01,3,4,false,Other,false
305,947,CASE-2025-00947,20250311,20250313,2025-03-11T14:51:58,2025-03-13T11:57:57,5,5,true,Communication,false
306,951,CASE-2025-00951,20250307,20250318,2025-03-07T12:25:48,2025-03-18T11:58:06,4,4,true,Speed,false
307,952,CASE-2025-00952,20250305,20250310,2025-03-05T11:33:39,2025-03-10T10:07:42,4,5,true,Speed,false
308,953,CASE-2025-00953,20250228,20250310,2025-02-28T15:44:06,2025-03-10T14:15:39,4,4,true,Accuracy,false
309,954,CASE-2025-00954,20250305,20250310,2025-03-05T09:11:16,2025-03-10T12:17:22,5,4,true,Communication,false
310,955,CASE-2025-00955,20250304,20250307,2025-03-04T11:13:15,2025-03-07T12:19:41,5,5,true,Communication,false
311,959,CASE-2025-00959,20250303,20250305,2025-03-03T14:01:45,2025-03-05T12:34:12,3,4,false,Speed,false
312,963,CASE-2025-00963,20250306,20250311,2025-03-06T12:55:32,2025-03-11T12:36:52,3,3,true,Speed,false
313,965,CASE-2025-00965,20250304,20250306,2025-03-04T15:08:10,2025-03-06T12:00:40,4,4,true,Communication,false
314,968,CASE-2025-00968,20250305,20250311,2025-03-05T10:35:50,2025-03-11T10:07:16,4,5,true,Communication,false
315,969,CASE-2025-00969,20250310,20250312,2025-03-10T09:42:39,2025-03-12T13:15:04,4,4,true,Speed,false
316,972,CASE-2025-00972,20250306,20250312,2025-03-06T11:02:44,2025-03-12T14:22:28,5,5,true,Other,false
317,974,CASE-2025-00974,20250313,20250313,2025-03-13T11:34:55,2025-03-13T14:33:13,3,4,false,Communication,false
318,977,CASE-2025-00977,20250310,20250318,2025-03-10T14:17:41,2025-03-18T13:00:49,4,3,true,Speed,false
319,979,CASE-2025-00979,20250305,20250310,2025-03-05T14:50:22,2025-03-10T09:48:12,4,4,true,Accuracy,false
320,988,CASE-2025-00988,20250311,20250311,2025-03-11T11:04:37,2025-03-11T15:16:48,3,4,true,Speed,false
321,994,CASE-2025-00994,20250304,20250310,2025-03-04T11:29:44,2025-03-10T11:40:42,4,3,true,Speed,false
322,997,CASE-2025-00997,20250312,20250318,2025-03-12T11:09:56,2025-03-18T09:57:25,3,3,false,Speed,false
323,1001,CASE-2025-01001,20250307,20250314,2025-03-07T15:00:03,2025-03-14T08:48:44,4,4,true,Speed,false
324,1009,CASE-2025-01009,20250304,20250307,2025-03-04T13:56:16,2025-03-07T09:42:14,4,4,true,Accuracy,false
325,1016,CASE-2025-01016,20250307,20250314,2025-03-07T09:10:04,2025-03-14T15:17:58,3,2,true,Speed,false
326,1018,CASE-2025-01018,20250306,20250307,2025-03-06T14:01:33,2025-03-07T12:06:33,5,4,true,Self-Service,false
327,1020,CASE-2025-01020,20250307,20250312,2025-03-07T09:23:32,2025-03-12T10:31:18,5,5,true,Accuracy,false
328,1023,CASE-2025-01023,20250310,20250313,2025-03-10T10:00:53,2025-03-13T08:17:06,5,5,true,Self-Service,false
329,1033,CASE-2025-01033,20250310,20250312,2025-03-10T10:01:08,2025-03-12T08:27:37,4,5,true,Accuracy,false
330,1037,CASE-2025-01037,20250306,20250312,2025-03-06T10:30:36,2025-03-12T09:53:12,3,4,true,Accuracy,false
331,1039,CASE-2025-01039,20250307,20250311,2025-03-07T09:48:24,2025-03-11T08:32:46,3,2,true,Speed,false
332,1042,CASE-2025-01042,20250312,20250314,2025-03-12T13:10:19,2025-03-14T09:04:53,4,5,true,Speed,false
333,1045,CASE-2025-01045,20250307,20250307,2025-03-07T09:33:11,2025-03-07T13:13:40,4,3,true,Speed,false
334,1046,CASE-2025-01046,20250306,20250306,2025-03-06T09:36:05,2025-03-06T15:36:49,4,4,false,Speed,false
335,1052,CASE-2025-01052,20250312,20250319,2025-03-12T10:26:41,2025-03-19T12:48:58,3,3,false,Speed,false
336,1056,CASE-2025-01056,20250307,20250314,2025-03-07T12:38:50,2025-03-14T12:55:35,4,3,true,Communication,false
337,1066,CASE-2025-01066,20250310,20250313,2025-03-10T09:53:41,2025-03-13T13:37:48,4,4,true,Accuracy,false
338,1068,CASE-2025-01068,20250310,20250311,2025-03-10T14:40:56,2025-03-11T14:25:01,3,3,false,Speed,false
339,1071,CASE-2025-01071,20250311,20250318,2025-03-11T09:12:53,2025-03-18T13:45:04,4,4,true,Self-Service,false
340,1078,CASE-2025-01078,20250311,20250313,2025-03-11T11:11:48,2025-03-13T09:01:14,3,3,false,Accuracy,false
341,1079,CASE-2025-01079,20250307,20250314,2025-03-07T13:46:21,2025-03-14T12:59:35,5,4,true,Communication,false
342,1082,CASE-2025-01082,20250318,20250325,2025-03-18T09:18:55,2025-03-25T08:37:56,5,5,true,Accuracy,false
343,1084,CASE-2025-01084,20250307,20250313,2025-03-07T12:37:17,2025-03-13T15:01:48,3,3,true,Self-Service,false
344,1086,CASE-2025-01086,20250307,20250314,2025-03-07T15:38:16,2025-03-14T10:30:16,5,5,true,Self-Service,false
345,1088,CASE-2025-01088,20250310,20250318,2025-03-10T13:45:39,2025-03-18T14:05:52,5,4,true,Speed,false
346,1089,CASE-2025-01089,20250310,20250318,2025-03-10T15:20:53,2025-03-18T09:22:06,5,5,false,Speed,false
347,1093,CASE-2025-01093,20250311,20250320,2025-03-11T12:12:41,2025-03-20T08:40:47,5,5,true,Speed,false
348,1098,CASE-2025-01098,20250314,20250320,2025-03-14T13:29:08,2025-03-20T10:16:40,3,3,false,Accuracy,false
349,1099,CASE-2025-01099,20250314,20250319,2025-03-14T14:10:30,2025-03-19T13:48:10,4,3,false,Speed,false
350,1100,CASE-2025-01100,20250313,20250318,2025-03-13T08:11:08,2025-03-18T12:42:27,5,5,true,Speed,false
351,1108,CASE-2025-01108,20250318,20250320,2025-03-18T15:57:24,2025-03-20T15:57:49,4,4,true,Speed,false
352,1110,CASE-2025-01110,20250312,20250320,2025-03-12T14:07:45,2025-03-20T11:33:28,4,4,true,Other,false
353,1114,CASE-2025-01114,20250311,20250319,2025-03-11T08:00:10,2025-03-19T09:01:07,3,3,true,Self-Service,false
354,1115,CASE-2025-01115,20250313,20250314,2025-03-13T12:05:07,2025-03-14T08:25:37,4,4,true,Accuracy,false
355,1117,CASE-2025-01117,20250312,20250320,2025-03-12T10:07:38,2025-03-20T10:48:51,3,3,true,Speed,false
356,1118,CASE-2025-01118,20250314,20250319,2025-03-14T11:19:31,2025-03-19T11:16:27,4,3,true,Communication,false
357,1121,CASE-2025-01121,20250313,20250314,2025-03-13T11:12:56,2025-03-14T12:06:03,2,2,true,Communication,true
358,1122,CASE-2025-01122,20250312,20250320,2025-03-12T15:04:11,2025-03-20T11:49:03,3,3,true,Speed,false
359,1127,CASE-2025-01127,20250313,20250319,2025-03-13T12:25:54,2025-03-19T11:01:49,4,5,true,Speed,false
360,1128,CASE-2025-01128,20250402,20250409,2025-04-02T15:43:06,2025-04-09T13:04:48,2,2,false,Accuracy,true
361,1129,CASE-2025-01129,20250321,20250324,2025-03-21T10:12:32,2025-03-24T08:42:17,3,3,true,Communication,false
362,1141,CASE-2025-01141,20250313,20250314,2025-03-13T09:46:32,2025-03-14T08:56:04,4,4,true,Communication,false
363,1142,CASE-2025-01142,20250319,20250319,2025-03-19T08:09:05,2025-03-19T12:21:59,4,4,true,Speed,false
364,1146,CASE-2025-01146,20250313,20250321,2025-03-13T11:13:17,2025-03-21T14:14:45,4,4,true,Speed,false
365,1150,CASE-2025-01150,20250319,20250324,2025-03-19T08:54:24,2025-03-24T09:27:51,2,2,false,Communication,true
366,1151,CASE-2025-01151,20250314,20250321,2025-03-14T15:01:04,2025-03-21T10:20:40,4,4,true,Communication,false
367,1152,CASE-2025-01152,20250319,20250325,2025-03-19T13:20:10,2025-03-25T11:47:41,4,3,true,Communication,false
368,1164,CASE-2025-01164,20250314,20250319,2025-03-14T11:30:35,2025-03-19T13:01:04,4,4,true,Communication,false
369,1168,CASE-2025-01168,20250314,20250321,2025-03-14T15:45:57,2025-03-21T11:15:55,5,5,true,Accuracy,false
370,1173,CASE-2025-01173,20250319,20250325,2025-03-19T15:10:57,2025-03-25T12:52:03,4,4,true,Speed,false
371,1179,CASE-2025-01179,20250319,20250324,2025-03-19T13:21:31,2025-03-24T08:17:36,4,4,true,Communication,false
372,1180,CASE-2025-01180,20250320,20250321,2025-03-20T13:00:34,2025-03-21T11:54:59,3,3,true,Communication,false
373,1181,CASE-2025-01181,20250320,20250327,2025-03-20T12:23:10,2025-03-27T13:21:22,4,4,false,Self-Service,false
374,1188,CASE-2025-01188,20250325,20250401,2025-03-25T11:49:24,2025-04-01T13:26:43,5,5,true,Accuracy,false
375,1189,CASE-2025-01189,20250318,20250326,2025-03-18T12:01:28,2025-03-26T09:50:23,4,5,true,Speed,false
376,1190,CASE-2025-01190,20250324,20250328,2025-03-24T09:34:19,2025-03-28T11:11:15,5,5,true,Communication,false
377,1198,CASE-2025-01198,20250319,20250325,2025-03-19T11:16:01,2025-03-25T15:55:09,2,4,false,Accuracy,true
378,1201,CASE-2025-01201,20250321,20250325,2025-03-21T14:35:20,2025-03-25T12:29:49,5,4,true,Communication,false
379,1205,CASE-2025-01205,20250320,20250325,2025-03-20T08:27:22,2025-03-25T15:47:50,3,3,false,Communication,false
380,1209,CASE-2025-01209,20250327,20250403,2025-03-27T08:05:38,2025-04-03T11:09:04,5,5,true,Communication,false
381,1211,CASE-2025-01211,20250324,20250327,2025-03-24T08:49:44,2025-03-27T12:52:18,4,5,true,Speed,false
382,1214,CASE-2025-01214,20250321,20250326,2025-03-21T14:47:56,2025-03-26T09:20:09,4,4,true,Self-Service,false
383,1217,CASE-2025-01217,20250320,20250326,2025-03-20T10:20:05,2025-03-26T08:46:53,4,4,true,Accuracy,false
384,1219,CASE-2025-01219,20250328,20250404,2025-03-28T15:22:19,2025-04-04T10:59:36,3,2,true,Speed,false
385,1225,CASE-2025-01225,20250325,20250402,2025-03-25T09:53:13,2025-04-02T08:43:29,2,2,true,Speed,true
386,1227,CASE-2025-01227,20250324,20250327,2025-03-24T09:00:16,2025-03-27T08:50:49,4,4,true,Speed,false
387,1230,CASE-2025-01230,20250320,20250321,2025-03-20T08:55:13,2025-03-21T13:33:49,4,3,true,Self-Service,false
388,1235,CASE-2025-01235,20250321,20250324,2025-03-21T08:42:24,2025-03-24T13:33:32,3,3,true,Accuracy,false
389,1238,CASE-2025-01238,20250319,20250324,2025-03-19T13:32:44,2025-03-24T09:39:27,4,4,true,Speed,false
390,1242,CASE-2025-01242,20250401,20250408,2025-04-01T12:47:13,2025-04-08T08:59:55,4,4,true,Speed,false
391,1243,CASE-2025-01243,20250321,20250326,2025-03-21T09:47:57,2025-03-26T10:54:11,4,3,true,Speed,false
392,1244,CASE-2025-01244,20250326,20250326,2025-03-26T11:13:08,2025-03-26T15:15:09,3,3,true,Speed,false
393,1246,CASE-2025-01246,20250321,20250327,2025-03-21T12:30:50,2025-03-27T14:19:03,4,5,true,Communication,false
394,1248,CASE-2025-01248,20250321,20250324,2025-03-21T14:07:53,2025-03-24T14:51:11,4,4,true,Self-Service,false
395,1249,CASE-2025-01249,20250321,20250328,2025-03-21T08:18:44,2025-03-28T10:34:23,5,4,true,Speed,false
396,1250,CASE-2025-01250,20250321,20250327,2025-03-21T14:27:28,2025-03-27T13:06:15,3,3,true,Communication,false
397,1251,CASE-2025-01251,20250320,20250325,2025-03-20T15:20:40,2025-03-25T13:24:37,5,4,true,Self-Service,false
398,1256,CASE-2025-01256,20250320,20250327,2025-03-20T11:34:58,2025-03-27T08:05:58,4,4,true,Speed,false
399,1259,CASE-2025-01259,20250324,20250331,2025-03-24T15:33:31,2025-03-31T09:28:28,5,5,true,Other,false
400,1265,CASE-2025-01265,20250320,20250324,2025-03-20T11:02:37,2025-03-24T12:26:56,3,3,true,Accuracy,false
401,1266,CASE-2025-01266,20250320,20250327,2025-03-20T14:55:55,2025-03-27T12:58:12,3,3,true,Communication,false
402,1272,CASE-2025-01272,20250402,20250408,2025-04-02T09:24:34,2025-04-08T12:21:18,3,3,false,Accuracy,false
403,1274,CASE-2025-01274,20250326,20250402,2025-03-26T10:08:20,2025-04-02T13:57:06,2,3,false,Speed,true
404,1276,CASE-2025-01276,20250321,20250325,2025-03-21T13:13:04,2025-03-25T12:27:55,4,4,true,Communication,false
405,1281,CASE-2025-01281,20250325,20250327,2025-03-25T13:47:02,2025-03-27T09:54:28,4,4,true,Other,false
406,1283,CASE-2025-01283,20250324,20250325,2025-03-24T15:22:57,2025-03-25T12:00:06,3,3,true,Speed,false
407,1284,CASE-2025-01284,20250326,20250327,2025-03-26T13:43:00,2025-03-27T15:40:58,3,4,true,Speed,false
408,1292,CASE-2025-01292,20250327,20250331,2025-03-27T13:45:53,2025-03-31T15:04:03,3,2,true,Communication,false
409,1308,CASE-2025-01308,20250324,20250327,2025-03-24T09:48:14,2025-03-27T08:35:40,2,2,true,Speed,true
410,1313,CASE-2025-01313,20250326,20250401,2025-03-26T08:04:58,2025-04-01T15:05:26,4,5,true,Speed,false
411,1319,CASE-2025-01319,20250325,20250326,2025-03-25T09:19:05,2025-03-26T13:11:01,5,5,true,Speed,false
412,1323,CASE-2025-01323,20250327,20250401,2025-03-27T13:54:52,2025-04-01T11:22:06,4,4,true,Communication,false
413,1325,CASE-2025-01325,20250326,20250402,2025-03-26T08:12:27,2025-04-02T13:16:34,5,5,true,Accuracy,false
414,1329,CASE-2025-01329,20250328,20250404,2025-03-28T13:34:31,2025-04-04T12:53:28,4,4,false,Speed,false
415,1332,CASE-2025-01332,20250325,20250328,2025-03-25T15:18:48,2025-03-28T13:24:58,5,4,true,Speed,false
416,1334,CASE-2025-01334,20250402,20250409,2025-04-02T14:00:03,2025-04-09T10:42:04,2,2,false,Speed,true
417,1337,CASE-2025-01337,20250326,20250327,2025-03-26T13:25:37,2025-03-27T12:58:25,4,4,true,Other,false
418,1340,CASE-2025-01340,20250325,20250327,2025-03-25T14:08:20,2025-03-27T12:36:27,5,4,true,Accuracy,false
419,1341,CASE-2025-01341,20250326,20250328,2025-03-26T14:16:33,2025-03-28T11:57:25,5,5,false,Communication,false
420,1359,CASE-2025-01359,20250331,20250403,2025-03-31T08:11:41,2025-04-03T13:08:05,5,5,true,Speed,false
421,1369,CASE-2025-01369,20250403,20250410,2025-04-03T15:06:55,2025-04-10T10:39:41,4,4,true,Self-Service,false
422,1370,CASE-2025-01370,20250328,20250401,2025-03-28T11:44:45,2025-04-01T13:03:48,5,5,true,Accuracy,false
423,1383,CASE-2025-01383,20250403,20250411,2025-04-03T15:12:09,2025-04-11T09:21:59,4,4,true,Self-Service,false
424,1392,CASE-2025-01392,20250328,20250331,2025-03-28T09:46:49,2025-03-31T13:12:57,4,4,true,Speed,false
425,1395,CASE-2025-01395,20250402,20250407,2025-04-02T13:54:31,2025-04-07T14:29:15,4,5,true,Self-Service,false
426,1397,CASE-2025-01397,20250331,20250408,2025-03-31T14:22:34,2025-04-08T10:05:04,4,4,true,Self-Service,false
427,1399,CASE-2025-01399,20250331,20250408,2025-03-31T14:06:12,2025-04-08T12:43:50,3,3,true,Accuracy,false
428,1401,CASE-2025-01401,20250403,20250404,2025-04-03T10:20:36,2025-04-04T11:27:27,3,3,false,Speed,false
429,1404,CASE-2025-01404,20250408,20250408,2025-04-08T08:41:45,2025-04-08T12:15:44,5,4,true,Self-Service,false
430,1409,CASE-2025-01409,20250403,20250404,2025-04-03T09:18:34,2025-04-04T15:35:17,4,4,true,Self-Service,false
431,1413,CASE-2025-01413,20250331,20250404,2025-03-31T13:58:57,2025-04-04T09:16:58,4,4,true,Accuracy,false
432,1415,CASE-2025-01415,20250331,20250404,2025-03-31T15:59:46,2025-04-04T09:09:11,5,5,true,Speed,false
433,1420,CASE-2025-01420,20250404,20250410,2025-04-04T13:26:33,2025-04-10T11:22:53,3,3,false,Speed,false
434,1421,CASE-2025-01421,20250409,20250409,2025-04-09T08:29:50,2025-04-09T11:00:44,3,3,false,Speed,false
435,1422,CASE-2025-01422,20250401,20250408,2025-04-01T11:41:49,2025-04-08T13:17:32,3,3,true,Communication,false
436,1427,CASE-2025-01427,20250402,20250402,2025-04-02T09:06:42,2025-04-02T15:24:30,3,2,true,Communication,false
437,1428,CASE-2025-01428,20250403,20250410,2025-04-03T14:43:17,2025-04-10T15:58:09,4,4,true,Communication,false
438,1429,CASE-2025-01429,20250402,20250409,2025-04-02T12:28:18,2025-04-09T09:45:30,5,5,true,Communication,false
439,1430,CASE-2025-01430,20250403,20250409,2025-04-03T15:28:16,2025-04-09T09:40:51,5,4,true,Accuracy,false
440,1435,CASE-2025-01435,20250404,20250408,2025-04-04T14:38:37,2025-04-08T13:39:33,4,4,true,Communication,false
441,1441,CASE-2025-01441,20250403,20250409,2025-04-03T11:13:25,2025-04-09T13:13:41,3,3,true,Communication,false
442,1443,CASE-2025-01443,20250401,20250404,2025-04-01T11:22:39,2025-04-04T11:06:47,5,5,true,Other,false
443,1446,CASE-2025-01446,20250404,20250411,2025-04-04T15:50:53,2025-04-11T13:25:36,4,4,true,Self-Service,false
444,1448,CASE-2025-01448,20250404,20250414,2025-04-04T15:36:23,2025-04-14T11:23:30,4,3,true,Communication,false
445,1455,CASE-2025-01455,20250408,20250409,2025-04-08T13:10:12,2025-04-09T11:13:10,2,2,true,Speed,true
446,1461,CASE-2025-01461,20250401,20250403,2025-04-01T12:52:44,2025-04-03T08:17:50,5,5,true,Accuracy,false
447,1464,CASE-2025-01464,20250409,20250417,2025-04-09T10:27:44,2025-04-17T10:07:40,3,3,true,Communication,false
448,1469,CASE-2025-01469,20250411,20250418,2025-04-11T08:24:59,2025-04-18T13:08:53,3,3,false,Speed,false
449,1478,CASE-2025-01478,20250402,20250404,2025-04-02T11:58:04,2025-04-04T09:25:10,5,5,true,Communication,false
450,1483,CASE-2025-01483,20250404,20250414,2025-04-04T15:06:45,2025-04-14T09:19:37,3,3,false,Communication,false
451,1484,CASE-2025-01484,20250416,20250423,2025-04-16T11:30:30,2025-04-23T08:50:19,2,2,true,Communication,true
452,1489,CASE-2025-01489,20250407,20250411,2025-04-07T09:14:51,2025-04-11T14:58:50,3,2,false,Accuracy,false
453,1491,CASE-2025-01491,20250404,20250409,2025-04-04T11:56:40,2025-04-09T10:58:00,4,5,true,Speed,false
454,1492,CASE-2025-01492,20250404,20250411,2025-04-04T15:24:47,2025-04-11T13:14:54,4,3,true,Speed,false
455,1496,CASE-2025-01496,20250408,20250409,2025-04-08T14:45:34,2025-04-09T11:55:19,3,3,true,Communication,false
456,1500,CASE-2025-01500,20250407,20250411,2025-04-07T09:49:59,2025-04-11T12:43:05,5,4,true,Speed,false
457,1501,CASE-2025-01501,20250403,20250407,2025-04-03T12:58:54,2025-04-07T11:04:00,4,5,true,Speed,false
458,1503,CASE-2025-01503,20250410,20250417,2025-04-10T08:34:40,2025-04-17T09:09:23,3,3,true,Communication,false
459,1504,CASE-2025-01504,20250407,20250409,2025-04-07T09:23:38,2025-04-09T13:58:55,5,5,true,Speed,false
460,1506,CASE-2025-01506,20250407,20250411,2025-04-07T10:01:06,2025-04-11T13:32:17,4,3,true,Speed,false
461,1509,CASE-2025-01509,20250410,20250417,2025-04-10T10:01:35,2025-04-17T14:44:19,4,5,true,Accuracy,false
462,1511,CASE-2025-01511,20250404,20250410,2025-04-04T15:06:51,2025-04-10T10:59:52,5,5,true,Communication,false
463,1513,CASE-2025-01513,20250404,20250410,2025-04-04T15:16:28,2025-04-10T08:19:31,4,4,true,Self-Service,false
464,1516,CASE-2025-01516,20250404,20250407,2025-04-04T12:56:36,2025-04-07T15:58:34,3,3,true,Other,false
465,1520,CASE-2025-01520,20250408,20250410,2025-04-08T09:25:52,2025-04-10T15:32:18,4,3,true,Self-Service,false
466,1522,CASE-2025-01522,20250409,20250411,2025-04-09T13:27:36,2025-04-11T11:56:10,4,4,false,Speed,false
467,1523,CASE-2025-01523,20250407,20250409,2025-04-07T09:52:15,2025-04-09T13:43:17,4,4,true,Accuracy,false
468,1531,CASE-2025-01531,20250418,20250421,2025-04-18T09:33:34,2025-04-21T12:35:57,4,4,true,Accuracy,false
469,1539,CASE-2025-01539,20250408,20250415,2025-04-08T08:55:47,2025-04-15T08:15:03,5,5,true,Self-Service,false
470,1545,CASE-2025-01545,20250409,20250410,2025-04-09T08:31:43,2025-04-10T12:13:03,5,5,true,Speed,false
471,1548,CASE-2025-01548,20250409,20250411,2025-04-09T13:31:29,2025-04-11T09:54:48,4,4,true,Speed,false
472,1549,CASE-2025-01549,20250409,20250417,2025-04-09T11:42:30,2025-04-17T10:31:40,4,4,true,Communication,false
473,1554,CASE-2025-01554,20250414,20250421,2025-04-14T11:34:49,2025-04-21T14:09:53,4,5,true,Speed,false
474,1555,CASE-2025-01555,20250409,20250409,2025-04-09T08:04:18,2025-04-09T15:04:02,4,4,true,Communication,false
475,1559,CASE-2025-01559,20250411,20250417,2025-04-11T14:49:53,2025-04-17T12:37:25,5,5,true,Self-Service,false
476,1561,CASE-2025-01561,20250409,20250411,2025-04-09T14:47:32,2025-04-11T13:28:42,3,4,true,Other,false
477,1563,CASE-2025-01563,20250410,20250416,2025-04-10T08:33:20,2025-04-16T10:41:58,3,4,true,Accuracy,false
478,1566,CASE-2025-01566,20250411,20250418,2025-04-11T14:06:22,2025-04-18T08:39:42,5,5,true,Self-Service,false
479,1577,CASE-2025-01577,20250414,20250414,2025-04-14T11:52:26,2025-04-14T15:44:47,4,4,true,Speed,false
480,1578,CASE-2025-01578,20250414,20250415,2025-04-14T08:26:44,2025-04-15T15:30:49,3,3,true,Self-Service,false
481,1581,CASE-2025-01581,20250411,20250416,2025-04-11T12:40:59,2025-04-16T11:48:54,4,5,true,Communication,false
482,1586,CASE-2025-01586,20250410,20250415,2025-04-10T12:51:23,2025-04-15T09:50:56,5,5,true,Accuracy,false
483,1590,CASE-2025-01590,20250411,20250418,2025-04-11T12:35:04,2025-04-18T10:31:39,4,4,true,Other,false
484,1595,CASE-2025-01595,20250411,20250417,2025-04-11T08:01:36,2025-04-17T09:27:05,4,5,false,Speed,false
485,1597,CASE-2025-01597,20250421,20250423,2025-04-21T11:04:50,2025-04-23T15:27:56,2,2,false,Speed,true
486,1598,CASE-2025-01598,20250414,20250417,2025-04-14T13:56:25,2025-04-17T12:28:12,4,5,true,Speed,false
487,1602,CASE-2025-01602,20250416,20250422,2025-04-16T14:12:50,2025-04-22T09:22:22,4,4,true,Speed,false
488,1603,CASE-2025-01603,20250424,20250425,2025-04-24T13:18:07,2025-04-25T12:40:59,3,2,false,Accuracy,false
489,1611,CASE-2025-01611,20250417,20250423,2025-04-17T14:57:10,2025-04-23T10:10:17,3,3,true,Accuracy,false
490,1612,CASE-2025-01612,20250411,20250421,2025-04-11T12:33:11,2025-04-21T11:05:46,5,4,true,Accuracy,false
491,1614,CASE-2025-01614,20250415,20250417,2025-04-15T09:23:21,2025-04-17T08:48:26,3,4,true,Self-Service,false
492,1616,CASE-2025-01616,20250414,20250421,2025-04-14T10:11:33,2025-04-21T14:31:37,4,4,true,Accuracy,false
493,1618,CASE-2025-01618,20250422,20250428,2025-04-22T10:16:08,2025-04-28T15:25:54,4,4,true,Speed,false
494,1627,CASE-2025-01627,20250415,20250416,2025-04-15T10:53:14,2025-04-16T13:47:01,3,2,false,Speed,false
495,1628,CASE-2025-01628,20250418,20250422,2025-04-18T15:58:21,2025-04-22T14:55:16,4,3,true,Communication,false
496,1630,CASE-2025-01630,20250418,20250424,2025-04-18T08:05:08,2025-04-24T14:26:42,3,3,true,Communication,false
497,1632,CASE-2025-01632,20250415,20250416,2025-04-15T14:49:35,2025-04-16T13:01:23,5,5,true,Communication,false
498,1634,CASE-2025-01634,20250415,20250417,2025-04-15T12:30:49,2025-04-17T08:04:31,5,5,true,Accuracy,false
499,1635,CASE-2025-01635,20250417,20250424,2025-04-17T09:53:12,2025-04-24T13:18:41,3,3,true,Self-Service,false
500,1638,CASE-2025-01638,20250415,20250417,2025-04-15T09:26:59,2025-04-17T10:20:10,4,5,true,Speed,false
501,1643,CASE-2025-01643,20250417,20250417,2025-04-17T11:23:08,2025-04-17T14:35:50,5,5,false,Accuracy,false
502,1648,CASE-2025-01648,20250417,20250424,2025-04-17T08:29:29,2025-04-24T13:44:43,4,4,true,Speed,false
503,1650,CASE-2025-01650,20250417,20250424,2025-04-17T09:08:32,2025-04-24T10:00:32,4,3,true,Communication,false
504,1659,CASE-2025-01659,20250422,20250429,2025-04-22T09:36:34,2025-04-29T13:50:25,4,4,true,Speed,false
505,1665,CASE-2025-01665,20250415,20250417,2025-04-15T09:54:43,2025-04-17T15:05:38,4,4,true,Communication,false
506,1666,CASE-2025-01666,20250417,20250423,2025-04-17T08:59:42,2025-04-23T14:39:35,4,3,true,Speed,false
507,1667,CASE-2025-01667,20250429,20250430,2025-04-29T09:16:45,2025-04-30T08:28:56,3,3,false,Speed,false
508,1670,CASE-2025-01670,20250417,20250417,2025-04-17T09:07:07,2025-04-17T15:05:54,4,5,true,Communication,false
509,1672,CASE-2025-01672,20250416,20250417,2025-04-16T09:55:05,2025-04-17T11:52:41,4,3,true,Accuracy,false
510,1673,CASE-2025-01673,20250418,20250421,2025-04-18T15:23:01,2025-04-21T14:21:12,4,4,true,Speed,false
511,1676,CASE-2025-01676,20250416,20250421,2025-04-16T10:57:31,2025-04-21T11:41:07,5,5,true,Speed,false
512,1677,CASE-2025-01677,20250428,20250430,2025-04-28T15:53:33,2025-04-30T12:27:23,3,3,true,Communication,false
513,1681,CASE-2025-01681,20250422,20250422,2025-04-22T09:25:38,2025-04-22T13:57:05,3,3,true,Speed,false
514,1682,CASE-2025-01682,20250417,20250422,2025-04-17T09:14:54,2025-04-22T09:21:59,5,4,true,Other,false
515,1684,CASE-2025-01684,20250422,20250429,2025-04-22T14:30:39,2025-04-29T08:50:46,4,4,true,Communication,false
516,1687,CASE-2025-01687,20250415,20250415,2025-04-15T11:58:18,2025-04-15T14:13:43,5,5,true,Communication,false
517,1695,CASE-2025-01695,20250417,20250423,2025-04-17T15:18:14,2025-04-23T12:49:55,5,4,true,Speed,false
518,1697,CASE-2025-01697,20250418,20250424,2025-04-18T09:35:07,2025-04-24T13:07:21,3,4,true,Speed,false
519,1698,CASE-2025-01698,20250422,20250429,2025-04-22T10:58:05,2025-04-29T09:24:41,5,5,true,Other,false
520,1699,CASE-2025-01699,20250430,20250506,2025-04-30T12:51:38,2025-05-06T10:49:56,3,3,true,Speed,false
521,1701,CASE-2025-01701,20250421,20250422,2025-04-21T11:15:23,2025-04-22T08:17:18,4,4,false,Accuracy,false
522,1702,CASE-2025-01702,20250417,20250417,2025-04-17T11:58:23,2025-04-17T14:58:02,4,3,true,Accuracy,false
523,1706,CASE-2025-01706,20250417,20250423,2025-04-17T08:06:42,2025-04-23T12:40:42,4,3,true,Accuracy,false
524,1707,CASE-2025-01707,20250422,20250430,2025-04-22T14:02:26,2025-04-30T11:10:50,4,4,true,Speed,false
525,1708,CASE-2025-01708,20250418,20250428,2025-04-18T14:19:18,2025-04-28T09:39:57,4,4,true,Self-Service,false
526,1710,CASE-2025-01710,20250421,20250422,2025-04-21T08:46:32,2025-04-22T09:23:12,5,5,true,Communication,false
527,1714,CASE-2025-01714,20250418,20250421,2025-04-18T13:33:03,2025-04-21T11:09:46,5,5,true,Communication,false
528,1717,CASE-2025-01717,20250421,20250424,2025-04-21T11:38:58,2025-04-24T14:22:03,5,5,true,Speed,false
529,1720,CASE-2025-01720,20250421,20250428,2025-04-21T13:29:52,2025-04-28T14:54:51,3,3,true,Speed,false
530,1722,CASE-2025-01722,20250421,20250422,2025-04-21T11:35:53,2025-04-22T10:23:12,4,3,true,Communication,false
531,1723,CASE-2025-01723,20250428,20250502,2025-04-28T08:12:59,2025-05-02T10:26:50,3,2,true,Speed,false
532,1732,CASE-2025-01732,20250421,20250422,2025-04-21T10:31:05,2025-04-22T10:32:48,4,5,true,Speed,false
533,1746,CASE-2025-01746,20250422,20250429,2025-04-22T14:56:33,2025-04-29T15:31:59,4,4,true,Communication,false
534,1749,CASE-2025-01749,20250425,20250430,2025-04-25T12:18:27,2025-04-30T08:07:49,5,5,true,Communication,false
535,1753,CASE-2025-01753,20250422,20250430,2025-04-22T11:49:26,2025-04-30T11:07:10,4,4,true,Communication,false
536,1754,CASE-2025-01754,20250422,20250430,2025-04-22T14:34:41,2025-04-30T12:31:46,2,2,true,Speed,true
537,1755,CASE-2025-01755,20250422,20250429,2025-04-22T13:32:37,2025-04-29T11:18:28,3,3,true,Speed,false
538,1757,CASE-2025-01757,20250422,20250425,2025-04-22T10:36:35,2025-04-25T11:47:34,4,4,true,Accuracy,false
539,1762,CASE-2025-01762,20250423,20250502,2025-04-23T10:36:15,2025-05-02T09:35:41,5,5,true,Speed,false
540,1764,CASE-2025-01764,20250421,20250424,2025-04-21T15:06:51,2025-04-24T09:36:06,4,3,true,Communication,false
541,1767,CASE-2025-01767,20250423,20250424,2025-04-23T12:27:43,2025-04-24T11:00:37,4,3,true,Speed,false
542,1772,CASE-2025-01772,20250424,20250428,2025-04-24T12:10:28,2025-04-28T15:52:57,4,4,true,Speed,false
543,1776,CASE-2025-01776,20250422,20250429,2025-04-22T11:14:30,2025-04-29T10:29:07,3,4,true,Speed,false
544,1778,CASE-2025-01778,20250425,20250425,2025-04-25T09:44:21,2025-04-25T12:52:25,4,4,true,Speed,false
545,1779,CASE-2025-01779,20250423,20250430,2025-04-23T14:33:37,2025-04-30T08:31:41,3,4,true,Accuracy,false
546,1783,CASE-2025-01783,20250422,20250429,2025-04-22T14:30:41,2025-04-29T08:47:54,5,5,true,Speed,false
547,1784,CASE-2025-01784,20250429,20250430,2025-04-29T10:06:42,2025-04-30T09:12:40,4,4,true,Speed,false
548,1785,CASE-2025-01785,20250423,20250502,2025-04-23T15:12:18,2025-05-02T13:01:16,4,5,false,Accuracy,false
549,1787,CASE-2025-01787,20250502,20250509,2025-05-02T12:33:43,2025-05-09T13:20:46,3,2,true,Speed,false
550,1789,CASE-2025-01789,20250424,20250425,2025-04-24T11:08:53,2025-04-25T15:19:30,5,4,true,Speed,false
551,1796,CASE-2025-01796,20250428,20250430,2025-04-28T08:49:39,2025-04-30T08:39:29,4,4,false,Self-Service,false
552,1797,CASE-2025-01797,20250429,20250430,2025-04-29T15:35:04,2025-04-30T10:10:03,4,4,false,Communication,false
553,1800,CASE-2025-01800,20250508,20250514,2025-05-08T13:56:12,2025-05-14T13:54:57,3,2,true,Speed,false
554,1804,CASE-2025-01804,20250424,20250428,2025-04-24T12:39:33,2025-04-28T08:45:02,4,5,true,Other,false
555,1806,CASE-2025-01806,20250424,20250502,2025-04-24T14:54:57,2025-05-02T12:06:05,5,5,true,Accuracy,false
556,1807,CASE-2025-01807,20250429,20250430,2025-04-29T09:49:48,2025-04-30T15:13:18,4,4,true,Speed,false
557,1812,CASE-2025-01812,20250428,20250506,2025-04-28T10:35:37,2025-05-06T08:29:13,4,4,true,Speed,false
558,1814,CASE-2025-01814,20250425,20250506,2025-04-25T12:03:26,2025-05-06T09:49:49,5,5,true,Accuracy,false
559,1816,CASE-2025-01816,20250428,20250506,2025-04-28T14:28:31,2025-05-06T09:55:07,4,4,false,Other,false
560,1817,CASE-2025-01817,20250429,20250505,2025-04-29T10:08:35,2025-05-05T13:44:20,4,4,true,Self-Service,false
561,1823,CASE-2025-01823,20250424,20250428,2025-04-24T15:30:54,2025-04-28T12:49:03,4,3,true,Communication,false
562,1826,CASE-2025-01826,20250502,20250507,2025-05-02T08:24:20,2025-05-07T14:54:35,3,2,false,Accuracy,false
563,1827,CASE-2025-01827,20250425,20250428,2025-04-25T14:42:38,2025-04-28T15:52:11,4,4,true,Self-Service,false
564,1829,CASE-2025-01829,20250429,20250430,2025-04-29T09:30:38,2025-04-30T08:34:01,2,2,true,Speed,true
565,1832,CASE-2025-01832,20250502,20250512,2025-05-02T11:58:52,2025-05-12T08:30:17,4,4,true,Accuracy,false
566,1836,CASE-2025-01836,20250429,20250502,2025-04-29T09:27:25,2025-05-02T10:45:07,3,3,true,Speed,false
567,1837,CASE-2025-01837,20250502,20250502,2025-05-02T09:17:29,2025-05-02T11:46:44,4,5,true,Communication,false
568,1839,CASE-2025-01839,20250506,20250512,2025-05-06T13:12:04,2025-05-12T12:17:49,4,4,true,Accuracy,false
569,1844,CASE-2025-01844,20250429,20250505,2025-04-29T11:57:12,2025-05-05T10:58:36,3,3,true,Accuracy,false
570,1845,CASE-2025-01845,20250425,20250428,2025-04-25T08:32:40,2025-04-28T10:18:47,5,5,true,Other,false
571,1852,CASE-2025-01852,20250429,20250429,2025-04-29T09:27:52,2025-04-29T14:17:07,3,3,true,Accuracy,false
572,1854,CASE-2025-01854,20250502,20250507,2025-05-02T11:39:59,2025-05-07T09:55:36,4,4,true,Speed,false
573,1855,CASE-2025-01855,20250428,20250505,2025-04-28T13:35:48,2025-05-05T14:27:24,4,4,true,Speed,false
574,1856,CASE-2025-01856,20250430,20250505,2025-04-30T09:33:16,2025-05-05T13:01:16,5,4,true,Accuracy,false
575,1858,CASE-2025-01858,20250429,20250506,2025-04-29T14:42:51,2025-05-06T10:42:46,4,3,true,Accuracy,false
576,1859,CASE-2025-01859,20250429,20250506,2025-04-29T14:45:09,2025-05-06T11:44:18,4,4,true,Self-Service,false
577,1860,CASE-2025-01860,20250429,20250507,2025-04-29T11:12:23,2025-05-07T13:25:10,4,4,true,Communication,false
578,1861,CASE-2025-01861,20250429,20250429,2025-04-29T08:13:31,2025-04-29T10:38:08,4,4,true,Speed,false
579,1865,CASE-2025-01865,20250430,20250506,2025-04-30T15:29:46,2025-05-06T08:59:23,3,2,false,Speed,false
580,1867,CASE-2025-01867,20250508,20250509,2025-05-08T12:36:46,2025-05-09T11:10:18,2,2,false,Speed,true
581,1868,CASE-2025-01868,20250508,20250516,2025-05-08T11:59:12,2025-05-16T10:50:34,4,3,false,Speed,false
582,1869,CASE-2025-01869,20250505,20250507,2025-05-05T12:15:11,2025-05-07T12:17:43,2,2,false,Speed,true
583,1876,CASE-2025-01876,20250507,20250515,2025-05-07T14:47:30,2025-05-15T08:54:07,4,4,true,Communication,false
584,1877,CASE-2025-01877,20250428,20250502,2025-04-28T14:56:55,2025-05-02T12:38:23,5,5,true,Speed,false
585,1881,CASE-2025-01881,20250502,20250512,2025-05-02T13:52:55,2025-05-12T10:26:13,3,3,true,Accuracy,false
586,1884,CASE-2025-01884,20250429,20250507,2025-04-29T15:06:20,2025-05-07T13:14:24,4,4,true,Self-Service,false
587,1885,CASE-2025-01885,20250507,20250514,2025-05-07T09:30:47,2025-05-14T08:54:06,3,3,false,Communication,false
588,1888,CASE-2025-01888,20250430,20250502,2025-04-30T15:01:09,2025-05-02T13:44:47,5,5,true,Self-Service,false
589,1893,CASE-2025-01893,20250502,20250506,2025-05-02T13:26:19,2025-05-06T10:09:06,5,5,true,Communication,false
590,1894,CASE-2025-01894,20250505,20250507,2025-05-05T08:17:37,2025-05-07T11:48:31,4,4,false,Accuracy,false
591,1900,CASE-2025-01900,20250430,20250430,2025-04-30T09:36:45,2025-04-30T11:38:57,5,4,true,Accuracy,false
592,1904,CASE-2025-01904,20250509,20250519,2025-05-09T11:07:43,2025-05-19T10:06:41,4,4,true,Speed,false
593,1906,CASE-2025-01906,20250429,20250430,2025-04-29T11:01:13,2025-04-30T11:34:03,5,5,false,Self-Service,false
594,1907,CASE-2025-01907,20250505,20250512,2025-05-05T11:28:15,2025-05-12T09:09:34,4,4,true,Speed,false
595,1910,CASE-2025-01910,20250502,20250505,2025-05-02T11:24:52,2025-05-05T13:00:27,4,4,true,Speed,false
596,1911,CASE-2025-01911,20250505,20250509,2025-05-05T09:54:52,2025-05-09T12:11:33,4,4,true,Self-Service,false
597,1913,CASE-2025-01913,20250507,20250509,2025-05-07T12:40:46,2025-05-09T14:21:04,4,4,true,Speed,false
598,1916,CASE-2025-01916,20250505,20250509,2025-05-05T15:16:32,2025-05-09T13:39:24,5,4,true,Other,false
599,1926,CASE-2025-01926,20250508,20250515,2025-05-08T15:04:26,2025-05-15T11:34:29,3,3,true,Speed,false
600,1927,CASE-2025-01927,20250502,20250507,2025-05-02T11:17:14,2025-05-07T15:15:48,5,4,true,Accuracy,false
601,1928,CASE-2025-01928,20250430,20250507,2025-04-30T11:29:49,2025-05-07T13:35:35,4,4,true,Speed,false
602,1932,CASE-2025-01932,20250505,20250513,2025-05-05T12:00:24,2025-05-13T10:24:49,4,4,true,Speed,false
603,1933,CASE-2025-01933,20250506,20250509,2025-05-06T15:46:52,2025-05-09T11:31:34,5,5,true,Communication,false
604,1943,CASE-2025-01943,20250509,20250514,2025-05-09T09:47:04,2025-05-14T14:44:18,4,4,true,Accuracy,false
605,1944,CASE-2025-01944,20250505,20250508,2025-05-05T08:55:31,2025-05-08T13:17:48,4,5,true,Accuracy,false
606,1945,CASE-2025-01945,20250505,20250506,2025-05-05T12:27:37,2025-05-06T09:15:54,3,3,true,Accuracy,false
607,1950,CASE-2025-01950,20250507,20250512,2025-05-07T08:48:52,2025-05-12T10:11:36,4,3,true,Accuracy,false
608,1953,CASE-2025-01953,20250513,20250519,2025-05-13T15:21:15,2025-05-19T08:44:16,3,4,true,Accuracy,false
609,1958,CASE-2025-01958,20250506,20250508,2025-05-06T12:37:25,2025-05-08T12:54:21,4,5,false,Other,false
610,1961,CASE-2025-01961,20250512,20250513,2025-05-12T14:43:31,2025-05-13T14:22:05,3,3,false,Speed,false
611,1962,CASE-2025-01962,20250507,20250515,2025-05-07T12:27:04,2025-05-15T09:58:03,4,4,true,Speed,false
612,1965,CASE-2025-01965,20250508,20250513,2025-05-08T15:24:26,2025-05-13T12:37:12,4,4,true,Accuracy,false
613,1966,CASE-2025-01966,20250507,20250513,2025-05-07T09:52:18,2025-05-13T10:16:57,5,4,true,Self-Service,false
614,1967,CASE-2025-01967,20250506,20250512,2025-05-06T14:10:11,2025-05-12T09:23:21,3,2,false,Speed,false
615,1968,CASE-2025-01968,20250509,20250512,2025-05-09T13:49:56,2025-05-12T09:30:17,4,4,true,Communication,false
616,1969,CASE-2025-01969,20250506,20250513,2025-05-06T11:58:50,2025-05-13T15:59:24,5,5,true,Speed,false
617,1972,CASE-2025-01972,20250509,20250515,2025-05-09T08:53:15,2025-05-15T10:11:20,3,3,true,Accuracy,false
618,1974,CASE-2025-01974,20250507,20250508,2025-05-07T09:18:23,2025-05-08T15:50:57,4,3,true,Speed,false
619,1975,CASE-2025-01975,20250509,20250515,2025-05-09T09:13:19,2025-05-15T10:06:02,5,5,true,Accuracy,false
620,1979,CASE-2025-01979,20250509,20250513,2025-05-09T12:09:30,2025-05-13T11:44:27,4,4,true,Speed,false
621,1982,CASE-2025-01982,20250507,20250514,2025-05-07T08:10:02,2025-05-14T08:32:54,4,5,true,Communication,false
622,1987,CASE-2025-01987,20250512,20250520,2025-05-12T11:32:35,2025-05-20T08:52:55,4,3,false,Other,false
623,1989,CASE-2025-01989,20250509,20250514,2025-05-09T15:20:38,2025-05-14T11:42:14,3,2,true,Accuracy,false
624,1996,CASE-2025-01996,20250508,20250513,2025-05-08T11:37:19,2025-05-13T13:09:12,4,4,true,Other,false
625,1997,CASE-2025-01997,20250509,20250513,2025-05-09T15:09:32,2025-05-13T10:15:22,4,5,true,Speed,false
626,1998,CASE-2025-01998,20250508,20250512,2025-05-08T10:22:13,2025-05-12T08:00:32,4,4,true,Speed,false
627,2004,CASE-2025-02004,20250507,20250509,2025-05-07T09:01:02,2025-05-09T08:05:05,4,5,true,Communication,false
628,2008,CASE-2025-02008,20250509,20250514,2025-05-09T13:28:43,2025-05-14T12:21:03,5,5,true,Communication,false
629,2013,CASE-2025-02013,20250509,20250515,2025-05-09T14:14:27,2025-05-15T15:35:03,5,5,true,Communication,false
630,2020,CASE-2025-02020,20250507,20250509,2025-05-07T13:47:58,2025-05-09T10:08:28,4,4,true,Speed,false
631,2021,CASE-2025-02021,20250512,20250519,2025-05-12T15:40:40,2025-05-19T13:43:59,4,3,true,Communication,false
632,2025,CASE-2025-02025,20250512,20250513,2025-05-12T14:40:51,2025-05-13T12:09:36,3,3,false,Speed,false
633,2027,CASE-2025-02027,20250509,20250512,2025-05-09T12:24:54,2025-05-12T12:47:34,4,4,true,Speed,false
634,2030,CASE-2025-02030,20250509,20250516,2025-05-09T14:46:52,2025-05-16T15:11:41,4,4,true,Communication,false
635,2033,CASE-2025-02033,20250508,20250514,2025-05-08T15:51:21,2025-05-14T15:38:58,4,5,true,Speed,false
636,2034,CASE-2025-02034,20250512,20250514,2025-05-12T11:37:24,2025-05-14T13:41:22,4,4,true,Self-Service,false
637,2035,CASE-2025-02035,20250520,20250523,2025-05-20T11:04:55,2025-05-23T15:41:48,3,2,true,Speed,false
638,2037,CASE-2025-02037,20250509,20250512,2025-05-09T11:12:38,2025-05-12T10:20:01,3,3,true,Communication,false
639,2042,CASE-2025-02042,20250508,20250509,2025-05-08T15:21:33,2025-05-09T12:18:29,4,5,true,Self-Service,false
640,2045,CASE-2025-02045,20250522,20250523,2025-05-22T15:11:54,2025-05-23T09:40:15,3,4,false,Speed,false
641,2048,CASE-2025-02048,20250516,20250523,2025-05-16T13:06:14,2025-05-23T13:00:13,4,4,true,Accuracy,false
642,2052,CASE-2025-02052,20250509,20250515,2025-05-09T15:09:04,2025-05-15T09:43:13,4,3,true,Communication,false
643,2056,CASE-2025-02056,20250515,20250520,2025-05-15T08:56:44,2025-05-20T11:39:01,4,4,true,Accuracy,false
644,2057,CASE-2025-02057,20250513,20250520,2025-05-13T08:52:47,2025-05-20T09:16:48,4,3,false,Communication,false
645,2058,CASE-2025-02058,20250519,20250520,2025-05-19T08:03:29,2025-05-20T15:18:08,4,4,true,Communication,false
646,2060,CASE-2025-02060,20250515,20250519,2025-05-15T13:51:06,2025-05-19T14:43:05,4,4,true,Self-Service,false
647,2065,CASE-2025-02065,20250519,20250526,2025-05-19T14:34:57,2025-05-26T11:43:08,4,4,true,Speed,false
648,2068,CASE-2025-02068,20250515,20250519,2025-05-15T11:25:26,2025-05-19T08:25:15,2,1,false,Speed,true
649,2081,CASE-2025-02081,20250513,20250520,2025-05-13T08:00:14,2025-05-20T08:21:48,4,4,true,Speed,false
650,2082,CASE-2025-02082,20250520,20250521,2025-05-20T08:35:57,2025-05-21T12:24:23,3,2,false,Accuracy,false
651,2083,CASE-2025-02083,20250514,20250519,2025-05-14T11:12:48,2025-05-19T15:02:57,4,4,true,Communication,false
652,2084,CASE-2025-02084,20250528,20250530,2025-05-28T14:28:46,2025-05-30T08:40:27,3,3,true,Speed,false
653,2087,CASE-2025-02087,20250513,20250519,2025-05-13T08:39:54,2025-05-19T14:04:31,3,2,true,Communication,false
654,2095,CASE-2025-02095,20250519,20250526,2025-05-19T11:01:52,2025-05-26T11:13:45,4,5,true,Self-Service,false
655,2096,CASE-2025-02096,20250513,20250515,2025-05-13T14:31:22,2025-05-15T14:42:24,4,5,true,Self-Service,false
656,2105,CASE-2025-02105,20250514,20250515,2025-05-14T12:50:15,2025-05-15T15:07:39,4,5,false,Speed,false
657,2106,CASE-2025-02106,20250519,20250520,2025-05-19T09:05:13,2025-05-20T09:30:47,4,4,true,Communication,false
658,2118,CASE-2025-02118,20250515,20250521,2025-05-15T11:25:07,2025-05-21T08:28:54,4,4,false,Self-Service,false
659,2119,CASE-2025-02119,20250515,20250520,2025-05-15T08:58:29,2025-05-20T12:10:23,3,3,true,Speed,false
660,2121,CASE-2025-02121,20250514,20250515,2025-05-14T08:45:23,2025-05-15T14:25:23,5,5,true,Communication,false
661,2123,CASE-2025-02123,20250603,20250606,2025-06-03T14:49:56,2025-06-06T14:49:29,2,2,false,Speed,true
662,2125,CASE-2025-02125,20250514,20250515,2025-05-14T15:28:32,2025-05-15T13:27:36,5,5,true,Communication,false
663,2130,CASE-2025-02130,20250515,20250516,2025-05-15T11:40:49,2025-05-16T10:16:39,3,3,true,Communication,false
664,2135,CASE-2025-02135,20250519,20250523,2025-05-19T11:01:27,2025-05-23T15:29:51,4,3,true,Communication,false
665,2137,CASE-2025-02137,20250520,20250521,2025-05-20T10:13:58,2025-05-21T15:42:42,4,4,true,Self-Service,false
666,2138,CASE-2025-02138,20250514,20250521,2025-05-14T15:14:09,2025-05-21T14:58:30,4,4,true,Accuracy,false
667,2139,CASE-2025-02139,20250516,20250519,2025-05-16T08:26:46,2025-05-19T11:54:37,4,2,true,Communication,false
668,2143,CASE-2025-02143,20250530,20250609,2025-05-30T10:31:06,2025-06-09T08:24:59,4,4,true,Communication,false
669,2145,CASE-2025-02145,20250514,20250522,2025-05-14T15:13:33,2025-05-22T11:24:20,5,5,true,Accuracy,false
670,2146,CASE-2025-02146,20250521,20250523,2025-05-21T15:30:24,2025-05-23T11:46:04,3,3,true,Speed,false
671,2160,CASE-2025-02160,20250526,20250529,2025-05-26T14:44:44,2025-05-29T15:29:02,3,3,true,Communication,false
672,2161,CASE-2025-02161,20250520,20250522,2025-05-20T15:06:52,2025-05-22T13:26:57,5,4,true,Self-Service,false
673,2164,CASE-2025-02164,20250520,20250521,2025-05-20T10:37:16,2025-05-21T10:16:47,4,4,true,Self-Service,false
674,2166,CASE-2025-02166,20250516,20250523,2025-05-16T13:29:20,2025-05-23T15:28:24,3,3,true,Speed,false
675,2172,CASE-2025-02172,20250521,20250522,2025-05-21T15:19:21,2025-05-22T11:00:56,3,3,false,Speed,false
676,2176,CASE-2025-02176,20250520,20250522,2025-05-20T09:47:32,2025-05-22T13:41:16,3,2,true,Other,false
677,2178,CASE-2025-02178,20250523,20250527,2025-05-23T08:52:14,2025-05-27T14:41:05,3,3,true,Communication,false
678,2183,CASE-2025-02183,20250523,20250527,2025-05-23T12:02:23,2025-05-27T10:06:18,4,4,true,Communication,false
679,2187,CASE-2025-02187,20250519,20250522,2025-05-19T12:34:29,2025-05-22T09:35:56,4,4,true,Speed,false
680,2191,CASE-2025-02191,20250521,20250528,2025-05-21T09:10:52,2025-05-28T12:30:52,3,4,true,Self-Service,false
681,2193,CASE-2025-02193,20250526,20250528,2025-05-26T09:40:13,2025-05-28T11:09:37,5,4,true,Communication,false
682,2194,CASE-2025-02194,20250521,20250526,2025-05-21T15:04:32,2025-05-26T09:36:01,4,4,false,Speed,false
683,2199,CASE-2025-02199,20250527,20250530,2025-05-27T15:05:03,2025-05-30T12:14:20,3,3,false,Speed,false
684,2203,CASE-2025-02203,20250520,20250526,2025-05-20T12:41:13,2025-05-26T13:48:02,5,5,true,Speed,false
685,2205,CASE-2025-02205,20250522,20250522,2025-05-22T09:04:56,2025-05-22T11:36:44,4,4,true,Self-Service,false
686,2207,CASE-2025-02207,20250520,20250526,2025-05-20T09:56:07,2025-05-26T14:31:42,5,5,true,Accuracy,false
687,2208,CASE-2025-02208,20250520,20250526,2025-05-20T12:55:44,2025-05-26T14:53:51,4,2,true,Speed,false
688,2212,CASE-2025-02212,20250522,20250530,2025-05-22T14:44:39,2025-05-30T08:05:04,3,3,false,Self-Service,false
689,2219,CASE-2025-02219,20250529,20250602,2025-05-29T13:57:06,2025-06-02T12:39:15,4,4,true,Communication,false
690,2226,CASE-2025-02226,20250523,20250528,2025-05-23T14:26:48,2025-05-28T12:07:43,3,3,true,Accuracy,false
691,2228,CASE-2025-02228,20250605,20250610,2025-06-05T08:48:05,2025-06-10T12:13:09,4,3,false,Speed,false
692,2229,CASE-2025-02229,20250523,20250526,2025-05-23T09:40:12,2025-05-26T14:27:52,4,4,true,Speed,false
693,2231,CASE-2025-02231,20250528,20250529,2025-05-28T09:20:45,2025-05-29T08:42:32,5,5,true,Speed,false
694,2232,CASE-2025-02232,20250521,20250523,2025-05-21T09:02:39,2025-05-23T09:55:08,3,4,true,Communication,false
695,2235,CASE-2025-02235,20250522,20250523,2025-05-22T13:25:54,2025-05-23T11:13:09,4,4,true,Speed,false
696,2237,CASE-2025-02237,20250529,20250602,2025-05-29T12:46:16,2025-06-02T15:53:26,3,3,true,Speed,false
697,2243,CASE-2025-02243,20250523,20250527,2025-05-23T11:45:43,2025-05-27T11:09:45,5,5,true,Accuracy,false
698,2248,CASE-2025-02248,20250526,20250528,2025-05-26T13:44:57,2025-05-28T11:26:08,5,5,true,Accuracy,false
699,2250,CASE-2025-02250,20250527,20250528,2025-05-27T13:51:52,2025-05-28T14:06:14,4,4,true,Speed,false
700,2254,CASE-2025-02254,20250527,20250529,2025-05-27T09:35:24,2025-05-29T10:24:26,4,4,true,Accuracy,false
701,2255,CASE-2025-02255,20250521,20250529,2025-05-21T15:43:48,2025-05-29T09:14:06,4,4,false,Accuracy,false
702,2261,CASE-2025-02261,20250527,20250530,2025-05-27T09:29:18,2025-05-30T14:11:11,4,4,true,Other,false
703,2262,CASE-2025-02262,20250523,20250529,2025-05-23T15:14:09,2025-05-29T08:54:33,4,4,true,Speed,false
704,2263,CASE-2025-02263,20250526,20250528,2025-05-26T14:45:12,2025-05-28T10:48:44,3,4,true,Accuracy,false
705,2271,CASE-2025-02271,20250528,20250530,2025-05-28T11:55:36,2025-05-30T09:49:51,4,5,true,Speed,false
706,2277,CASE-2025-02277,20250527,20250602,2025-05-27T10:14:46,2025-06-02T15:58:24,5,5,true,Self-Service,false
707,2282,CASE-2025-02282,20250527,20250528,2025-05-27T14:48:12,2025-05-28T14:15:07,5,5,true,Speed,false
708,2284,CASE-2025-02284,20250526,20250603,2025-05-26T12:38:54,2025-06-03T08:16:18,4,5,true,Communication,false
709,2285,CASE-2025-02285,20250602,20250606,2025-06-02T12:50:46,2025-06-06T14:31:38,4,4,true,Accuracy,false
710,2286,CASE-2025-02286,20250527,20250603,2025-05-27T14:57:54,2025-06-03T10:25:24,4,5,true,Self-Service,false
711,2288,CASE-2025-02288,20250602,20250606,2025-06-02T13:56:58,2025-06-06T11:53:36,3,3,true,Speed,false
712,2289,CASE-2025-02289,20250527,20250528,2025-05-27T15:09:47,2025-05-28T13:08:28,5,4,true,Self-Service,false
713,2291,CASE-2025-02291,20250528,20250603,2025-05-28T13:02:04,2025-06-03T11:40:19,5,5,true,Communication,false
714,2292,CASE-2025-02292,20250528,20250602,2025-05-28T11:53:37,2025-06-02T12:29:08,4,4,true,Speed,false
715,2293,CASE-2025-02293,20250528,20250604,2025-05-28T09:00:49,2025-06-04T14:45:45,4,3,true,Speed,false
716,2294,CASE-2025-02294,20250604,20250605,2025-06-04T09:52:44,2025-06-05T15:32:20,4,3,true,Communication,false
717,2302,CASE-2025-02302,20250529,20250529,2025-05-29T11:10:58,2025-05-29T13:38:51,4,5,true,Communication,false
718,2303,CASE-2025-02303,20250602,20250606,2025-06-02T12:22:36,2025-06-06T08:07:36,3,3,true,Speed,false
719,2304,CASE-2025-02304,20250529,20250605,2025-05-29T14:28:44,2025-06-05T12:52:54,4,4,true,Communication,false
720,2305,CASE-2025-02305,20250530,20250530,2025-05-30T10:29:51,2025-05-30T15:36:09,3,3,false,Communication,false
721,2308,CASE-2025-02308,20250526,20250527,2025-05-26T13:13:29,2025-05-27T10:52:32,5,5,true,Speed,false
722,2309,CASE-2025-02309,20250529,20250603,2025-05-29T12:02:57,2025-06-03T12:39:00,3,3,false,Self-Service,false
723,2313,CASE-2025-02313,20250529,20250603,2025-05-29T08:54:10,2025-06-03T09:43:29,4,5,true,Self-Service,false
724,2318,CASE-2025-02318,20250530,20250606,2025-05-30T15:46:32,2025-06-06T13:23:31,4,4,true,Self-Service,false
725,2320,CASE-2025-02320,20250528,20250603,2025-05-28T11:02:28,2025-06-03T12:36:30,3,3,true,Other,false
726,2322,CASE-2025-02322,20250528,20250528,2025-05-28T11:30:59,2025-05-28T13:36:27,3,3,true,Self-Service,false
727,2326,CASE-2025-02326,20250605,20250612,2025-06-05T15:14:41,2025-06-12T11:55:05,3,4,true,Accuracy,false
728,2332,CASE-2025-02332,20250530,20250606,2025-05-30T08:53:30,2025-06-06T13:56:13,4,5,true,Speed,false
729,2334,CASE-2025-02334,20250609,20250611,2025-06-09T08:28:06,2025-06-11T08:14:01,3,3,true,Accuracy,false
730,2342,CASE-2025-02342,20250530,20250602,2025-05-30T13:32:42,2025-06-02T14:50:30,5,5,true,Accuracy,false
731,2345,CASE-2025-02345,20250603,20250603,2025-06-03T09:50:06,2025-06-03T12:55:44,4,3,true,Speed,false
732,2349,CASE-2025-02349,20250604,20250605,2025-06-04T08:14:08,2025-06-05T10:22:17,2,2,true,Accuracy,true
733,2364,CASE-2025-02364,20250602,20250610,2025-06-02T15:08:58,2025-06-10T08:02:50,3,3,true,Speed,false
734,2365,CASE-2025-02365,20250604,20250605,2025-06-04T15:53:08,2025-06-05T15:52:19,4,5,true,Accuracy,false
735,2372,CASE-2025-02372,20250603,20250610,2025-06-03T13:11:16,2025-06-10T14:47:01,3,4,false,Accuracy,false
736,2373,CASE-2025-02373,20250530,20250605,2025-05-30T09:09:05,2025-06-05T10:43:05,5,5,true,Other,false
737,2377,CASE-2025-02377,20250529,20250603,2025-05-29T12:04:50,2025-06-03T10:26:51,5,5,true,Speed,false
738,2380,CASE-2025-02380,20250610,20250612,2025-06-10T09:19:49,2025-06-12T14:01:10,4,4,true,Speed,false
739,2391,CASE-2025-02391,20250603,20250609,2025-06-03T08:18:56,2025-06-09T14:42:43,5,5,true,Other,false
740,2392,CASE-2025-02392,20250603,20250605,2025-06-03T12:23:11,2025-06-05T14:46:36,5,4,true,Speed,false
741,2400,CASE-2025-02400,20250605,20250610,2025-06-05T08:17:54,2025-06-10T12:31:04,4,4,true,Self-Service,false
742,2402,CASE-2025-02402,20250603,20250604,2025-06-03T08:55:54,2025-06-04T11:40:24,5,5,true,Communication,false
743,2409,CASE-2025-02409,20250603,20250610,2025-06-03T14:40:35,2025-06-10T15:20:54,4,5,true,Communication,false
744,2410,CASE-2025-02410,20250603,20250605,2025-06-03T08:02:41,2025-06-05T08:47:37,4,4,true,Accuracy,false
745,2415,CASE-2025-02415,20250606,20250611,2025-06-06T10:11:27,2025-06-11T09:11:06,5,4,true,Speed,false
746,2418,CASE-2025-02418,20250604,20250611,2025-06-04T14:04:13,2025-06-11T11:56:58,3,4,true,Speed,false
747,2419,CASE-2025-02419,20250604,20250605,2025-06-04T10:24:54,2025-06-05T13:36:34,4,3,true,Other,false
748,2422,CASE-2025-02422,20250609,20250610,2025-06-09T10:07:29,2025-06-10T15:03:42,4,5,true,Speed,false
749,2427,CASE-2025-02427,20250603,20250606,2025-06-03T10:31:18,2025-06-06T14:48:36,5,4,true,Communication,false
750,2431,CASE-2025-02431,20250604,20250605,2025-06-04T09:07:35,2025-06-05T14:04:50,5,5,true,Communication,false
751,2436,CASE-2025-02436,20250604,20250610,2025-06-04T08:07:57,2025-06-10T11:32:03,4,4,true,Self-Service,false
752,2438,CASE-2025-02438,20250604,20250605,2025-06-04T11:14:03,2025-06-05T10:45:03,4,3,true,Accuracy,false
753,2441,CASE-2025-02441,20250603,20250610,2025-06-03T15:45:55,2025-06-10T15:14:17,4,4,true,Self-Service,false
754,2448,CASE-2025-02448,20250603,20250604,2025-06-03T08:29:43,2025-06-04T09:19:47,5,5,true,Communication,false
755,2449,CASE-2025-02449,20250606,20250609,2025-06-06T09:48:50,2025-06-09T11:03:00,4,3,true,Self-Service,false
756,2454,CASE-2025-02454,20250604,20250606,2025-06-04T13:09:46,2025-06-06T09:40:28,4,4,true,Self-Service,false
757,2458,CASE-2025-02458,20250609,20250612,2025-06-09T10:46:48,2025-06-12T14:23:43,3,3,true,Accuracy,false
758,2462,CASE-2025-02462,20250619,20250625,2025-06-19T09:34:18,2025-06-25T10:09:08,4,3,false,Speed,false
759,2466,CASE-2025-02466,20250613,20250618,2025-06-13T11:33:33,2025-06-18T10:39:52,5,4,true,Speed,false
760,2470,CASE-2025-02470,20250606,20250609,2025-06-06T11:14:06,2025-06-09T12:56:46,3,3,true,Communication,false
761,2473,CASE-2025-02473,20250605,20250611,2025-06-05T09:18:46,2025-06-11T12:55:13,5,4,true,Self-Service,false
762,2474,CASE-2025-02474,20250606,20250613,2025-06-06T10:44:44,2025-06-13T14:35:39,3,3,true,Communication,false
763,2475,CASE-2025-02475,20250605,20250613,2025-06-05T12:15:56,2025-06-13T10:16:01,4,4,false,Accuracy,false
764,2476,CASE-2025-02476,20250611,20250618,2025-06-11T10:15:26,2025-06-18T14:59:58,4,5,true,Speed,false
765,2480,CASE-2025-02480,20250605,20250612,2025-06-05T14:05:49,2025-06-12T10:55:07,4,4,true,Communication,false
766,2481,CASE-2025-02481,20250606,20250612,2025-06-06T12:16:22,2025-06-12T14:19:35,4,4,true,Speed,false
767,2484,CASE-2025-02484,20250604,20250610,2025-06-04T15:17:50,2025-06-10T13:19:17,5,4,true,Self-Service,false
768,2486,CASE-2025-02486,20250605,20250606,2025-06-05T09:31:08,2025-06-06T11:02:09,4,5,true,Speed,false
769,2490,CASE-2025-02490,20250609,20250616,2025-06-09T11:43:01,2025-06-16T15:28:07,3,3,true,Speed,false
770,2496,CASE-2025-02496,20250605,20250605,2025-06-05T09:13:51,2025-06-05T11:52:22,4,4,true,Communication,false
771,2497,CASE-2025-02497,20250606,20250610,2025-06-06T11:35:40,2025-06-10T12:42:22,4,3,true,Communication,false
772,2499,CASE-2025-02499,20250605,20250606,2025-06-05T11:29:45,2025-06-06T14:38:10,5,5,false,Communication,false
773,2500,CASE-2025-02500,20250609,20250610,2025-06-09T10:43:55,2025-06-10T11:38:03,4,5,true,Self-Service,false
774,2504,CASE-2025-02504,20250605,20250611,2025-06-05T15:48:03,2025-06-11T09:34:29,5,5,true,Accuracy,false
775,2509,CASE-2025-02509,20250611,20250617,2025-06-11T09:35:20,2025-06-17T13:35:12,3,3,true,Speed,false
776,2510,CASE-2025-02510,20250606,20250610,2025-06-06T15:55:42,2025-06-10T14:07:39,4,3,true,Communication,false
777,2514,CASE-2025-02514,20250616,20250623,2025-06-16T09:51:34,2025-06-23T08:21:04,4,4,true,Speed,false
778,2515,CASE-2025-02515,20250606,20250616,2025-06-06T12:27:54,2025-06-16T11:46:51,5,4,true,Speed,false
779,2524,CASE-2025-02524,20250610,20250616,2025-06-10T14:48:56,2025-06-16T10:39:37,5,5,true,Communication,false
780,2526,CASE-2025-02526,20250624,20250630,2025-06-24T11:50:29,2025-06-30T08:30:20,4,4,true,Speed,false
781,2534,CASE-2025-02534,20250609,20250616,2025-06-09T15:03:22,2025-06-16T09:52:54,4,4,true,Speed,false
782,2537,CASE-2025-02537,20250613,20250618,2025-06-13T11:05:41,2025-06-18T10:54:09,3,3,false,Accuracy,false
783,2542,CASE-2025-02542,20250616,20250620,2025-06-16T11:47:02,2025-06-20T15:27:50,3,3,true,Accuracy,false
784,2545,CASE-2025-02545,20250616,20250619,2025-06-16T11:40:23,2025-06-19T11:04:38,4,4,true,Speed,false
785,2546,CASE-2025-02546,20250613,20250620,2025-06-13T14:23:18,2025-06-20T14:10:20,4,4,true,Speed,false
786,2550,CASE-2025-02550,20250613,20250619,2025-06-13T13:53:40,2025-06-19T08:56:35,2,2,true,Self-Service,true
787,2554,CASE-2025-02554,20250612,20250613,2025-06-12T08:29:43,2025-06-13T10:19:57,4,4,true,Self-Service,false
788,2555,CASE-2025-02555,20250618,20250620,2025-06-18T12:21:05,2025-06-20T14:02:47,4,4,false,Self-Service,false
789,2558,CASE-2025-02558,20250612,20250613,2025-06-12T10:03:08,2025-06-13T10:02:32,5,4,true,Speed,false
790,2560,CASE-2025-02560,20250611,20250612,2025-06-11T08:09:14,2025-06-12T13:34:48,4,4,true,Self-Service,false
791,2561,CASE-2025-02561,20250609,20250612,2025-06-09T11:25:42,2025-06-12T13:20:27,5,5,true,Speed,false
792,2562,CASE-2025-02562,20250610,20250616,2025-06-10T12:22:21,2025-06-16T11:41:33,4,4,true,Accuracy,false
793,2563,CASE-2025-02563,20250623,20250624,2025-06-23T10:38:03,2025-06-24T15:36:09,3,2,false,Speed,false
794,2565,CASE-2025-02565,20250611,20250612,2025-06-11T12:13:51,2025-06-12T12:58:22,5,5,true,Communication,false
795,2566,CASE-2025-02566,20250611,20250618,2025-06-11T13:34:50,2025-06-18T12:15:23,4,4,false,Accuracy,false
796,2568,CASE-2025-02568,20250612,20250616,2025-06-12T11:49:40,2025-06-16T14:01:31,4,4,true,Communication,false
797,2570,CASE-2025-02570,20250611,20250619,2025-06-11T15:39:36,2025-06-19T09:09:59,5,5,true,Communication,false
798,2571,CASE-2025-02571,20250619,20250623,2025-06-19T08:38:27,2025-06-23T10:53:08,3,3,true,Accuracy,false
799,2574,CASE-2025-02574,20250613,20250618,2025-06-13T13:37:34,2025-06-18T13:28:30,5,5,true,Accuracy,false
800,2576,CASE-2025-02576,20250613,20250618,2025-06-13T08:29:00,2025-06-18T09:57:56,3,3,false,Speed,false
801,2577,CASE-2025-02577,20250612,20250618,2025-06-12T13:25:10,2025-06-18T15:59:00,4,4,true,Self-Service,false
802,2578,CASE-2025-02578,20250610,20250612,2025-06-10T09:18:42,2025-06-12T09:20:00,5,5,true,Speed,false
803,2581,CASE-2025-02581,20250613,20250616,2025-06-13T08:56:12,2025-06-16T10:49:44,3,4,false,Speed,false
804,2583,CASE-2025-02583,20250612,20250616,2025-06-12T14:57:23,2025-06-16T14:21:16,5,5,true,Communication,false
805,2586,CASE-2025-02586,20250611,20250619,2025-06-11T15:18:29,2025-06-19T08:21:28,4,4,true,Speed,false
806,2587,CASE-2025-02587,20250616,20250617,2025-06-16T11:48:24,2025-06-17T08:05:57,5,5,true,Self-Service,false
807,2592,CASE-2025-02592,20250611,20250618,2025-06-11T11:42:35,2025-06-18T11:40:52,4,4,true,Speed,false
808,2596,CASE-2025-02596,20250611,20250616,2025-06-11T15:53:26,2025-06-16T15:26:16,5,5,true,Speed,false
809,2603,CASE-2025-02603,20250624,20250701,2025-06-24T11:36:03,2025-07-01T12:54:10,3,3,true,Accuracy,false
810,2604,CASE-2025-02604,20250617,20250619,2025-06-17T08:25:21,2025-06-19T08:24:06,4,4,true,Communication,false
811,2607,CASE-2025-02607,20250613,20250617,2025-06-13T08:20:43,2025-06-17T11:27:12,4,4,true,Communication,false
812,2608,CASE-2025-02608,20250613,20250623,2025-06-13T13:45:02,2025-06-23T09:39:14,3,3,false,Communication,false
813,2610,CASE-2025-02610,20250617,20250623,2025-06-17T15:09:35,2025-06-23T09:32:45,4,5,true,Communication,false
814,2613,CASE-2025-02613,20250613,20250616,2025-06-13T12:30:20,2025-06-16T15:38:55,3,4,true,Self-Service,false
815,2616,CASE-2025-02616,20250612,20250617,2025-06-12T11:48:11,2025-06-17T14:58:59,5,5,true,Self-Service,false
816,2617,CASE-2025-02617,20250616,20250618,2025-06-16T11:11:54,2025-06-18T11:11:21,3,3,true,Accuracy,false
817,2620,CASE-2025-02620,20250623,20250623,2025-06-23T09:22:47,2025-06-23T14:02:53,3,3,true,Accuracy,false
818,2622,CASE-2025-02622,20250613,20250616,2025-06-13T15:15:44,2025-06-16T11:54:38,4,4,true,Accuracy,false
819,2623,CASE-2025-02623,20250613,20250618,2025-06-13T10:45:34,2025-06-18T15:17:52,4,5,true,Communication,false
820,2625,CASE-2025-02625,20250616,20250618,2025-06-16T12:48:07,2025-06-18T12:28:00,4,4,true,Accuracy,false
821,2634,CASE-2025-02634,20250630,20250704,2025-06-30T08:21:26,2025-07-04T13:11:35,4,4,true,Speed,false
822,2637,CASE-2025-02637,20250616,20250617,2025-06-16T15:41:25,2025-06-17T11:44:05,4,3,true,Communication,false
823,2641,CASE-2025-02641,20250613,20250618,2025-06-13T14:18:51,2025-06-18T12:15:16,5,5,true,Communication,false
824,2642,CASE-2025-02642,20250620,20250625,2025-06-20T14:01:12,2025-06-25T09:30:16,3,3,true,Accuracy,false
825,2644,CASE-2025-02644,20250613,20250619,2025-06-13T13:24:40,2025-06-19T08:17:02,4,5,true,Accuracy,false
826,2649,CASE-2025-02649,20250617,20250624,2025-06-17T13:14:52,2025-06-24T15:38:14,4,4,true,Accuracy,false
827,2650,CASE-2025-02650,20250617,20250624,2025-06-17T13:34:01,2025-06-24T11:41:33,4,4,true,Speed,false
828,2652,CASE-2025-02652,20250618,20250618,2025-06-18T11:12:57,2025-06-18T14:15:25,3,3,true,Accuracy,false
829,2657,CASE-2025-02657,20250617,20250625,2025-06-17T15:55:03,2025-06-25T09:44:57,4,5,true,Self-Service,false
830,2661,CASE-2025-02661,20250616,20250619,2025-06-16T11:47:09,2025-06-19T10:47:20,3,3,false,Speed,false
831,2663,CASE-2025-02663,20250613,20250620,2025-06-13T08:48:20,2025-06-20T13:24:09,4,4,true,Other,false
832,2667,CASE-2025-02667,20250616,20250618,2025-06-16T14:58:24,2025-06-18T11:00:30,4,3,false,Communication,false
833,2669,CASE-2025-02669,20250616,20250624,2025-06-16T15:55:44,2025-06-24T08:33:47,4,4,false,Communication,false
834,2670,CASE-2025-02670,20250627,20250702,2025-06-27T12:52:48,2025-07-02T10:49:56,4,4,true,Speed,false
835,2679,CASE-2025-02679,20250620,20250626,2025-06-20T14:56:04,2025-06-26T08:26:11,3,2,true,Communication,false
836,2684,CASE-2025-02684,20250618,20250618,2025-06-18T08:01:13,2025-06-18T13:41:20,3,3,true,Self-Service,false
837,2687,CASE-2025-02687,20250617,20250620,2025-06-17T10:23:35,2025-06-20T08:01:09,4,5,true,Communication,false
838,2691,CASE-2025-02691,20250617,20250625,2025-06-17T12:26:11,2025-06-25T12:07:59,4,4,true,Speed,false
839,2695,CASE-2025-02695,20250617,20250619,2025-06-17T10:54:37,2025-06-19T11:39:30,4,4,true,Communication,false
840,2696,CASE-2025-02696,20250617,20250624,2025-06-17T11:05:12,2025-06-24T13:23:18,3,4,false,Speed,false
841,2697,CASE-2025-02697,20250624,20250701,2025-06-24T10:16:02,2025-07-01T12:16:14,3,4,false,Accuracy,false
842,2698,CASE-2025-02698,20250617,20250620,2025-06-17T09:54:50,2025-06-20T08:00:32,4,4,false,Accuracy,false
843,2703,CASE-2025-02703,20250618,20250624,2025-06-18T13:20:23,2025-06-24T10:14:43,4,4,true,Communication,false
844,2704,CASE-2025-02704,20250623,20250625,2025-06-23T09:23:57,2025-06-25T12:04:11,4,4,true,Accuracy,false
845,2707,CASE-2025-02707,20250618,20250625,2025-06-18T13:45:24,2025-06-25T13:17:35,4,4,true,Accuracy,false
846,2713,CASE-2025-02713,20250620,20250625,2025-06-20T10:55:40,2025-06-25T09:28:33,4,4,true,Self-Service,false
847,2714,CASE-2025-02714,20250623,20250625,2025-06-23T09:00:19,2025-06-25T14:52:56,3,4,false,Communication,false
848,2715,CASE-2025-02715,20250617,20250618,2025-06-17T13:45:05,2025-06-18T13:45:05,4,3,true,Other,false
849,2716,CASE-2025-02716,20250624,20250701,2025-06-24T11:33:22,2025-07-01T15:16:20,4,3,true,Accuracy,false
850,2723,CASE-2025-02723,20250623,20250626,2025-06-23T12:09:39,2025-06-26T14:03:54,3,4,true,Accuracy,false
851,2724,CASE-2025-02724,20250618,20250620,2025-06-18T14:45:43,2025-06-20T12:50:06,4,4,true,Communication,false
852,2725,CASE-2025-02725,20250618,20250624,2025-06-18T11:00:39,2025-06-24T14:13:17,5,5,true,Speed,false
853,2726,CASE-2025-02726,20250618,20250619,2025-06-18T13:25:18,2025-06-19T12:43:46,5,5,true,Self-Service,false
854,2737,CASE-2025-02737,20250623,20250701,2025-06-23T13:01:46,2025-07-01T12:37:16,3,4,false,Accuracy,false
855,2741,CASE-2025-02741,20250619,20250624,2025-06-19T14:43:33,2025-06-24T13:58:51,4,4,true,Speed,false
856,2745,CASE-2025-02745,20250627,20250702,2025-06-27T11:18:29,2025-07-02T13:17:12,2,2,true,Communication,true
857,2751,CASE-2025-02751,20250618,20250623,2025-06-18T15:51:12,2025-06-23T13:07:33,4,5,true,Accuracy,false
858,2752,CASE-2025-02752,20250619,20250627,2025-06-19T14:39:29,2025-06-27T11:04:24,4,4,true,Self-Service,false
859,2753,CASE-2025-02753,20250620,20250624,2025-06-20T10:34:39,2025-06-24T11:26:12,4,5,true,Speed,false
860,2756,CASE-2025-02756,20250624,20250627,2025-06-24T15:02:49,2025-06-27T08:06:00,4,4,true,Communication,false
861,2757,CASE-2025-02757,20250630,20250703,2025-06-30T12:44:57,2025-07-03T08:46:26,3,3,true,Accuracy,false
862,2758,CASE-2025-02758,20250619,20250624,2025-06-19T13:17:18,2025-06-24T14:47:26,4,4,true,Accuracy,false
863,2760,CASE-2025-02760,20250701,20250707,2025-07-01T08:32:31,2025-07-07T14:36:23,5,4,true,Accuracy,false
864,2761,CASE-2025-02761,20250625,20250626,2025-06-25T10:22:42,2025-06-26T15:46:29,4,4,true,Self-Service,false
865,2765,CASE-2025-02765,20250620,20250627,2025-06-20T08:45:03,2025-06-27T09:51:07,3,3,true,Self-Service,false
866,2769,CASE-2025-02769,20250625,20250630,2025-06-25T11:21:24,2025-06-30T11:16:55,2,1,true,Communication,true
867,2772,CASE-2025-02772,20250623,20250630,2025-06-23T10:25:44,2025-06-30T12:39:43,4,4,true,Communication,false
868,2774,CASE-2025-02774,20250620,20250627,2025-06-20T10:04:46,2025-06-27T13:46:16,4,5,true,Communication,false
869,2782,CASE-2025-02782,20250624,20250701,2025-06-24T13:42:00,2025-07-01T09:23:55,3,4,false,Communication,false
870,2783,CASE-2025-02783,20250701,20250703,2025-07-01T08:43:31,2025-07-03T15:04:01,3,5,true,Speed,false
871,2784,CASE-2025-02784,20250624,20250626,2025-06-24T10:54:11,2025-06-26T15:47:30,3,3,true,Accuracy,false
872,2786,CASE-2025-02786,20250623,20250625,2025-06-23T13:11:24,2025-06-25T11:32:16,3,3,true,Communication,false
873,2790,CASE-2025-02790,20250624,20250624,2025-06-24T10:25:58,2025-06-24T15:05:20,4,4,false,Speed,false
874,2795,CASE-2025-02795,20250624,20250630,2025-06-24T10:18:29,2025-06-30T10:05:26,4,3,true,Speed,false
875,2798,CASE-2025-02798,20250625,20250702,2025-06-25T10:02:56,2025-07-02T14:03:10,5,5,true,Accuracy,false
876,2799,CASE-2025-02799,20250710,20250717,2025-07-10T08:27:34,2025-07-17T10:28:21,3,3,true,Communication,false
877,2805,CASE-2025-02805,20250630,20250701,2025-06-30T10:39:46,2025-07-01T15:26:03,5,5,true,Accuracy,false
878,2807,CASE-2025-02807,20250624,20250630,2025-06-24T14:52:00,2025-06-30T08:09:01,4,4,true,Speed,false
879,2811,CASE-2025-02811,20250625,20250625,2025-06-25T10:03:14,2025-06-25T12:38:02,3,3,false,Self-Service,false
880,2812,CASE-2025-02812,20250623,20250625,2025-06-23T15:57:10,2025-06-25T09:55:44,5,4,true,Self-Service,false
881,2821,CASE-2025-02821,20250626,20250703,2025-06-26T14:00:15,2025-07-03T10:42:28,4,4,true,Communication,false
882,2826,CASE-2025-02826,20250704,20250710,2025-07-04T10:39:28,2025-07-10T09:33:21,5,5,false,Self-Service,false
883,2835,CASE-2025-02835,20250626,20250630,2025-06-26T15:04:37,2025-06-30T15:04:34,4,4,true,Other,false
884,2837,CASE-2025-02837,20250625,20250701,2025-06-25T15:14:36,2025-07-01T13:13:10,4,4,true,Other,false
885,2841,CASE-2025-02841,20250707,20250708,2025-07-07T14:40:11,2025-07-08T14:38:56,4,5,true,Accuracy,false
886,2848,CASE-2025-02848,20250704,20250707,2025-07-04T12:54:25,2025-07-07T08:24:09,2,3,false,Communication,true
887,2852,CASE-2025-02852,20250627,20250707,2025-06-27T14:43:35,2025-07-07T13:14:22,4,4,false,Self-Service,false
888,2853,CASE-2025-02853,20250627,20250701,2025-06-27T12:11:50,2025-07-01T12:41:52,4,2,true,Accuracy,false
889,2855,CASE-2025-02855,20250626,20250704,2025-06-26T11:30:05,2025-07-04T08:58:07,4,4,true,Accuracy,false
890,2859,CASE-2025-02859,20250702,20250707,2025-07-02T08:51:54,2025-07-07T08:13:31,5,4,true,Self-Service,false
891,2869,CASE-2025-02869,20250626,20250703,2025-06-26T15:13:09,2025-07-03T08:54:23,5,5,true,Other,false
892,2870,CASE-2025-02870,20250627,20250702,2025-06-27T11:50:34,2025-07-02T13:53:46,4,4,false,Communication,false
893,2871,CASE-2025-02871,20250703,20250711,2025-07-03T09:42:58,2025-07-11T08:38:29,4,4,true,Speed,false
894,2874,CASE-2025-02874,20250709,20250709,2025-07-09T09:30:11,2025-07-09T15:17:46,3,2,true,Self-Service,false
895,2876,CASE-2025-02876,20250627,20250627,2025-06-27T08:44:24,2025-06-27T12:35:18,5,5,true,Accuracy,false
896,2878,CASE-2025-02878,20250630,20250701,2025-06-30T09:41:22,2025-07-01T10:38:29,4,4,true,Communication,false
897,2881,CASE-2025-02881,20250630,20250701,2025-06-30T13:31:39,2025-07-01T15:57:57,4,4,true,Other,false
898,2884,CASE-2025-02884,20250630,20250704,2025-06-30T14:12:10,2025-07-04T15:44:50,3,2,true,Speed,false
899,2893,CASE-2025-02893,20250701,20250702,2025-07-01T08:20:17,2025-07-02T12:53:44,5,4,false,Speed,false
900,2902,CASE-2025-02902,20250627,20250707,2025-06-27T15:52:44,2025-07-07T15:11:55,5,4,true,Other,false
901,2905,CASE-2025-02905,20250702,20250710,2025-07-02T13:09:14,2025-07-10T12:54:37,5,5,true,Self-Service,false
902,2910,CASE-2025-02910,20250707,20250710,2025-07-07T08:41:20,2025-07-10T15:50:26,4,4,true,Accuracy,false
903,2912,CASE-2025-02912,20250703,20250710,2025-07-03T10:54:06,2025-07-10T15:24:08,5,5,true,Speed,false
904,2913,CASE-2025-02913,20250707,20250708,2025-07-07T09:24:44,2025-07-08T09:50:49,5,5,true,Self-Service,false
905,2916,CASE-2025-02916,20250711,20250714,2025-07-11T10:33:32,2025-07-14T09:48:41,3,2,true,Communication,false
906,2921,CASE-2025-02921,20250630,20250701,2025-06-30T14:44:15,2025-07-01T11:14:06,4,5,true,Communication,false
907,2931,CASE-2025-02931,20250701,20250704,2025-07-01T14:45:04,2025-07-04T14:07:10,3,3,true,Accuracy,false
908,2937,CASE-2025-02937,20250701,20250707,2025-07-01T14:18:30,2025-07-07T11:50:29,5,5,true,Communication,false
909,2938,CASE-2025-02938,20250708,20250715,2025-07-08T08:13:00,2025-07-15T15:14:16,4,4,true,Communication,false
910,2941,CASE-2025-02941,20250714,20250718,2025-07-14T09:20:40,2025-07-18T09:06:50,3,4,true,Speed,false
911,2945,CASE-2025-02945,20250701,20250709,2025-07-01T12:14:05,2025-07-09T12:01:13,5,5,true,Speed,false
912,2949,CASE-2025-02949,20250707,20250710,2025-07-07T09:27:55,2025-07-10T15:33:58,5,4,true,Accuracy,false
913,2950,CASE-2025-02950,20250703,20250710,2025-07-03T10:10:57,2025-07-10T13:42:47,5,4,true,Speed,false
914,2953,CASE-2025-02953,20250702,20250707,2025-07-02T10:39:38,2025-07-07T12:53:56,5,5,true,Communication,false
915,2959,CASE-2025-02959,20250703,20250707,2025-07-03T14:58:02,2025-07-07T13:47:42,5,5,true,Accuracy,false
916,2961,CASE-2025-02961,20250709,20250714,2025-07-09T08:05:17,2025-07-14T15:21:40,4,3,false,Communication,false
917,2962,CASE-2025-02962,20250704,20250711,2025-07-04T11:47:38,2025-07-11T12:12:24,4,4,true,Accuracy,false
918,2963,CASE-2025-02963,20250703,20250709,2025-07-03T12:48:42,2025-07-09T13:03:27,4,5,false,Self-Service,false
919,2966,CASE-2025-02966,20250707,20250715,2025-07-07T13:03:31,2025-07-15T11:14:09,3,3,true,Speed,false
920,2967,CASE-2025-02967,20250709,20250709,2025-07-09T12:23:40,2025-07-09T15:36:54,4,5,false,Communication,false
921,2969,CASE-2025-02969,20250707,20250707,2025-07-07T10:48:06,2025-07-07T14:57:37,4,4,false,Speed,false
922,2970,CASE-2025-02970,20250703,20250710,2025-07-03T12:07:32,2025-07-10T09:38:54,4,4,true,Speed,false
923,2974,CASE-2025-02974,20250704,20250710,2025-07-04T11:53:29,2025-07-10T09:42:28,4,5,true,Self-Service,false
924,2975,CASE-2025-02975,20250709,20250711,2025-07-09T13:18:49,2025-07-11T08:25:48,4,4,true,Accuracy,false
925,2976,CASE-2025-02976,20250709,20250714,2025-07-09T13:08:22,2025-07-14T14:00:56,3,4,true,Accuracy,false
926,2977,CASE-2025-02977,20250707,20250709,2025-07-07T14:41:28,2025-07-09T14:55:18,4,4,false,Other,false
927,2978,CASE-2025-02978,20250709,20250717,2025-07-09T12:42:53,2025-07-17T08:41:09,4,4,false,Communication,false
928,2979,CASE-2025-02979,20250703,20250707,2025-07-03T13:49:26,2025-07-07T10:38:45,5,5,true,Self-Service,false
929,2982,CASE-2025-02982,20250710,20250715,2025-07-10T11:01:33,2025-07-15T11:26:44,5,5,true,Accuracy,false
930,2985,CASE-2025-02985,20250711,20250716,2025-07-11T10:05:28,2025-07-16T14:53:27,2,2,false,Accuracy,true
931,2986,CASE-2025-02986,20250708,20250714,2025-07-08T08:21:55,2025-07-14T10:32:24,4,5,true,Accuracy,false
932,2988,CASE-2025-02988,20250707,20250708,2025-07-07T09:23:16,2025-07-08T08:28:25,4,5,true,Other,false
933,2990,CASE-2025-02990,20250708,20250715,2025-07-08T10:28:15,2025-07-15T09:37:35,4,4,true,Other,false
934,2992,CASE-2025-02992,20250704,20250711,2025-07-04T15:13:04,2025-07-11T11:06:56,5,4,true,Accuracy,false
935,2995,CASE-2025-02995,20250714,20250714,2025-07-14T08:53:57,2025-07-14T13:06:26,4,4,true,Speed,false
936,3000,CASE-2025-03000,20250703,20250710,2025-07-03T15:03:52,2025-07-10T11:14:34,4,4,true,Speed,false
937,3010,CASE-2025-03010,20250708,20250709,2025-07-08T11:31:16,2025-07-09T09:11:09,4,4,true,Accuracy,false
938,3019,CASE-2025-03019,20250707,20250714,2025-07-07T14:28:33,2025-07-14T10:35:07,3,3,true,Accuracy,false
939,3021,CASE-2025-03021,20250709,20250711,2025-07-09T10:10:07,2025-07-11T13:13:51,4,4,true,Communication,false
940,3022,CASE-2025-03022,20250710,20250715,2025-07-10T12:18:53,2025-07-15T11:40:45,5,5,true,Communication,false
941,3023,CASE-2025-03023,20250707,20250709,2025-07-07T15:57:01,2025-07-09T11:57:07,4,4,true,Other,false
942,3025,CASE-2025-03025,20250709,20250711,2025-07-09T11:19:22,2025-07-11T11:48:37,4,4,true,Self-Service,false
943,3027,CASE-2025-03027,20250707,20250708,2025-07-07T14:51:01,2025-07-08T11:09:39,3,3,true,Accuracy,false
944,3030,CASE-2025-03030,20250711,20250721,2025-07-11T09:14:59,2025-07-21T08:17:07,3,3,true,Speed,false
945,3031,CASE-2025-03031,20250708,20250714,2025-07-08T13:23:03,2025-07-14T10:26:02,5,5,true,Communication,false
946,3032,CASE-2025-03032,20250711,20250714,2025-07-11T09:51:21,2025-07-14T13:04:58,3,3,true,Self-Service,false
947,3033,CASE-2025-03033,20250708,20250709,2025-07-08T09:27:54,2025-07-09T14:43:35,4,5,false,Self-Service,false
948,3038,CASE-2025-03038,20250708,20250714,2025-07-08T12:58:25,2025-07-14T09:18:33,4,4,false,Accuracy,false
949,3039,CASE-2025-03039,20250711,20250714,2025-07-11T08:44:18,2025-07-14T12:39:38,3,3,true,Self-Service,false
950,3041,CASE-2025-03041,20250710,20250717,2025-07-10T11:48:30,2025-07-17T11:27:06,3,3,false,Speed,false
951,3042,CASE-2025-03042,20250710,20250715,2025-07-10T15:01:58,2025-07-15T13:13:54,4,4,true,Self-Service,false
952,3045,CASE-2025-03045,20250715,20250718,2025-07-15T12:21:55,2025-07-18T09:07:14,3,3,true,Communication,false
953,3047,CASE-2025-03047,20250709,20250717,2025-07-09T14:34:29,2025-07-17T13:12:59,4,4,true,Accuracy,false
954,3049,CASE-2025-03049,20250710,20250711,2025-07-10T09:45:13,2025-07-11T11:09:06,4,4,true,Speed,false
955,3050,CASE-2025-03050,20250708,20250714,2025-07-08T12:35:50,2025-07-14T08:48:09,3,3,false,Accuracy,false
956,3053,CASE-2025-03053,20250711,20250715,2025-07-11T14:13:32,2025-07-15T10:40:56,3,3,true,Communication,false
957,3057,CASE-2025-03057,20250711,20250711,2025-07-11T09:13:29,2025-07-11T13:25:08,3,4,false,Communication,false
958,3058,CASE-2025-03058,20250709,20250711,2025-07-09T13:24:11,2025-07-11T09:38:10,4,4,true,Speed,false
959,3061,CASE-2025-03061,20250711,20250718,2025-07-11T13:59:48,2025-07-18T08:06:50,3,3,true,Communication,false
960,3062,CASE-2025-03062,20250714,20250718,2025-07-14T10:34:11,2025-07-18T08:11:01,5,4,true,Self-Service,false
961,3066,CASE-2025-03066,20250714,20250718,2025-07-14T09:54:17,2025-07-18T15:05:10,4,3,true,Accuracy,false
962,3068,CASE-2025-03068,20250708,20250715,2025-07-08T13:07:39,2025-07-15T15:44:51,4,4,true,Speed,false
963,3069,CASE-2025-03069,20250709,20250711,2025-07-09T15:34:03,2025-07-11T08:25:02,3,4,true,Communication,false
964,3077,CASE-2025-03077,20250714,20250715,2025-07-14T14:27:20,2025-07-15T13:19:52,4,4,false,Speed,false
965,3078,CASE-2025-03078,20250711,20250714,2025-07-11T10:42:34,2025-07-14T15:13:25,4,4,true,Accuracy,false
966,3086,CASE-2025-03086,20250714,20250715,2025-07-14T13:41:38,2025-07-15T08:07:04,3,3,true,Speed,false
967,3087,CASE-2025-03087,20250717,20250724,2025-07-17T15:59:03,2025-07-24T14:27:57,4,4,true,Self-Service,false
968,3088,CASE-2025-03088,20250715,20250721,2025-07-15T09:44:19,2025-07-21T09:49:00,4,4,true,Speed,false
969,3090,CASE-2025-03090,20250717,20250724,2025-07-17T12:06:44,2025-07-24T10:16:12,3,3,true,Communication,false
970,3091,CASE-2025-03091,20250718,20250728,2025-07-18T15:46:07,2025-07-28T15:16:24,3,4,true,Speed,false
971,3092,CASE-2025-03092,20250710,20250711,2025-07-10T12:47:14,2025-07-11T12:02:17,5,5,true,Communication,false
972,3095,CASE-2025-03095,20250715,20250715,2025-07-15T12:27:17,2025-07-15T14:53:10,2,2,true,Communication,true
973,3100,CASE-2025-03100,20250717,20250722,2025-07-17T10:41:22,2025-07-22T09:11:39,4,4,true,Self-Service,false
974,3101,CASE-2025-03101,20250711,20250717,2025-07-11T08:11:27,2025-07-17T09:59:15,5,4,true,Self-Service,false
975,3102,CASE-2025-03102,20250714,20250718,2025-07-14T13:31:02,2025-07-18T10:46:10,4,5,true,Self-Service,false
976,3103,CASE-2025-03103,20250714,20250715,2025-07-14T13:48:38,2025-07-15T09:39:56,4,3,true,Communication,false
977,3106,CASE-2025-03106,20250714,20250715,2025-07-14T13:12:16,2025-07-15T10:59:43,4,4,true,Self-Service,false
978,3108,CASE-2025-03108,20250714,20250722,2025-07-14T15:05:03,2025-07-22T14:43:18,4,4,true,Speed,false
979,3109,CASE-2025-03109,20250711,20250714,2025-07-11T10:58:17,2025-07-14T09:17:57,5,5,true,Self-Service,false
980,3116,CASE-2025-03116,20250717,20250724,2025-07-17T10:40:50,2025-07-24T11:42:48,4,4,true,Accuracy,false
981,3117,CASE-2025-03117,20250714,20250716,2025-07-14T14:46:29,2025-07-16T10:08:03,4,3,false,Speed,false
982,3120,CASE-2025-03120,20250717,20250723,2025-07-17T09:49:12,2025-07-23T09:31:23,3,4,false,Speed,false
983,3125,CASE-2025-03125,20250714,20250721,2025-07-14T14:14:39,2025-07-21T13:41:59,4,4,true,Communication,false
984,3133,CASE-2025-03133,20250718,20250724,2025-07-18T15:02:40,2025-07-24T12:43:16,4,3,true,Communication,false
985,3139,CASE-2025-03139,20250715,20250721,2025-07-15T13:11:06,2025-07-21T09:00:43,5,4,true,Communication,false
986,3141,CASE-2025-03141,20250721,20250722,2025-07-21T09:39:14,2025-07-22T14:43:13,3,3,true,Accuracy,false
987,3148,CASE-2025-03148,20250716,20250723,2025-07-16T08:17:57,2025-07-23T15:18:49,3,3,true,Communication,false
988,3149,CASE-2025-03149,20250715,20250716,2025-07-15T13:13:35,2025-07-16T11:56:40,5,5,true,Accuracy,false
989,3150,CASE-2025-03150,20250718,20250723,2025-07-18T08:49:30,2025-07-23T10:44:39,3,3,true,Speed,false
990,3152,CASE-2025-03152,20250715,20250722,2025-07-15T08:04:48,2025-07-22T09:09:34,4,3,true,Speed,false
991,3154,CASE-2025-03154,20250717,20250722,2025-07-17T09:35:45,2025-07-22T11:08:56,4,4,false,Speed,false
992,3157,CASE-2025-03157,20250715,20250717,2025-07-15T14:52:27,2025-07-17T13:38:24,4,4,true,Other,false
993,3158,CASE-2025-03158,20250718,20250723,2025-07-18T12:07:42,2025-07-23T10:56:21,5,5,true,Self-Service,false
994,3160,CASE-2025-03160,20250716,20250723,2025-07-16T08:06:35,2025-07-23T13:01:08,4,4,true,Accuracy,false
995,3161,CASE-2025-03161,20250717,20250724,2025-07-17T08:11:13,2025-07-24T10:26:54,3,3,true,Speed,false
996,3165,CASE-2025-03165,20250716,20250717,2025-07-16T14:33:48,2025-07-17T12:46:38,3,2,true,Accuracy,false
997,3166,CASE-2025-03166,20250717,20250717,2025-07-17T10:34:47,2025-07-17T15:37:35,3,3,true,Speed,false
998,3174,CASE-2025-03174,20250716,20250722,2025-07-16T11:01:59,2025-07-22T09:59:43,3,4,true,Self-Service,false
999,3175,CASE-2025-03175,20250715,20250721,2025-07-15T13:40:49,2025-07-21T08:07:28,5,4,true,Accuracy,false
1000,3176,CASE-2025-03176,20250715,20250723,2025-07-15T15:13:59,2025-07-23T12:04:31,4,4,false,Communication,false
1001,3179,CASE-2025-03179,20250723,20250730,2025-07-23T13:21:05,2025-07-30T14:02:33,3,2,true,Speed,false
1002,3182,CASE-2025-03182,20250718,20250724,2025-07-18T12:53:49,2025-07-24T14:34:13,5,5,true,Self-Service,false
1003,3185,CASE-2025-03185,20250718,20250721,2025-07-18T11:29:49,2025-07-21T12:40:53,4,3,true,Communication,false
1004,3188,CASE-2025-03188,20250716,20250724,2025-07-16T15:41:54,2025-07-24T15:23:14,4,5,true,Speed,false
1005,3191,CASE-2025-03191,20250717,20250721,2025-07-17T12:49:33,2025-07-21T09:45:26,4,4,false,Other,false
1006,3192,CASE-2025-03192,20250718,20250724,2025-07-18T13:41:34,2025-07-24T14:45:36,4,4,true,Communication,false
1007,3194,CASE-2025-03194,20250717,20250724,2025-07-17T09:14:39,2025-07-24T09:45:47,4,4,true,Communication,false
1008,3195,CASE-2025-03195,20250723,20250725,2025-07-23T11:02:19,2025-07-25T14:43:48,4,4,true,Self-Service,false
1009,3196,CASE-2025-03196,20250718,20250721,2025-07-18T10:44:16,2025-07-21T13:39:31,4,5,false,Communication,false
1010,3198,CASE-2025-03198,20250716,20250721,2025-07-16T15:16:25,2025-07-21T09:17:56,4,4,false,Communication,false
1011,3201,CASE-2025-03201,20250801,20250808,2025-08-01T12:37:50,2025-08-08T10:52:56,2,2,true,Communication,true
1012,3203,CASE-2025-03203,20250722,20250725,2025-07-22T12:42:16,2025-07-25T14:49:28,5,4,true,Speed,false
1013,3209,CASE-2025-03209,20250721,20250724,2025-07-21T12:46:19,2025-07-24T13:35:52,5,4,true,Communication,false
1014,3212,CASE-2025-03212,20250722,20250728,2025-07-22T08:14:10,2025-07-28T12:30:50,5,4,true,Speed,false
1015,3216,CASE-2025-03216,20250718,20250723,2025-07-18T14:20:15,2025-07-23T14:52:02,5,5,true,Accuracy,false
1016,3221,CASE-2025-03221,20250728,20250801,2025-07-28T14:48:12,2025-08-01T12:37:50,3,3,true,Accuracy,false
1017,3224,CASE-2025-03224,20250723,20250724,2025-07-23T08:26:59,2025-07-24T09:45:54,3,3,true,Speed,false
1018,3225,CASE-2025-03225,20250728,20250805,2025-07-28T14:14:06,2025-08-05T11:07:58,3,3,true,Accuracy,false
1019,3226,CASE-2025-03226,20250723,20250730,2025-07-23T12:47:18,2025-07-30T14:39:13,4,4,true,Self-Service,false
1020,3227,CASE-2025-03227,20250728,20250804,2025-07-28T08:55:26,2025-08-04T08:47:58,4,4,true,Communication,false
1021,3232,CASE-2025-03232,20250721,20250722,2025-07-21T10:30:39,2025-07-22T13:08:51,5,4,true,Accuracy,false
1022,3233,CASE-2025-03233,20250721,20250729,2025-07-21T09:18:49,2025-07-29T09:01:51,4,4,false,Accuracy,false
1023,3235,CASE-2025-03235,20250724,20250724,2025-07-24T10:15:19,2025-07-24T12:22:29,4,3,true,Communication,false
1024,3238,CASE-2025-03238,20250723,20250730,2025-07-23T13:41:45,2025-07-30T14:10:37,4,4,true,Communication,false
1025,3241,CASE-2025-03241,20250724,20250731,2025-07-24T10:34:52,2025-07-31T13:20:42,3,3,true,Speed,false
1026,3242,CASE-2025-03242,20250723,20250730,2025-07-23T14:55:25,2025-07-30T12:35:00,5,5,true,Speed,false
1027,3243,CASE-2025-03243,20250724,20250731,2025-07-24T10:41:12,2025-07-31T11:00:48,5,5,true,Speed,false
1028,3244,CASE-2025-03244,20250722,20250722,2025-07-22T11:12:50,2025-07-22T14:50:11,5,5,true,Self-Service,false
1029,3246,CASE-2025-03246,20250725,20250728,2025-07-25T09:58:20,2025-07-28T12:27:02,4,4,true,Accuracy,false
1030,3248,CASE-2025-03248,20250725,20250730,2025-07-25T10:55:57,2025-07-30T13:32:05,5,4,true,Communication,false
1031,3264,CASE-2025-03264,20250728,20250804,2025-07-28T09:27:41,2025-08-04T15:17:17,3,4,true,Accuracy,false
1032,3267,CASE-2025-03267,20250724,20250731,2025-07-24T14:38:57,2025-07-31T11:32:24,4,4,false,Speed,false
1033,3268,CASE-2025-03268,20250725,20250729,2025-07-25T08:56:54,2025-07-29T10:14:24,4,5,true,Accuracy,false
1034,3274,CASE-2025-03274,20250729,20250805,2025-07-29T12:34:11,2025-08-05T10:29:28,5,5,true,Communication,false
1035,3276,CASE-2025-03276,20250725,20250725,2025-07-25T10:05:47,2025-07-25T13:42:53,5,4,true,Self-Service,false
1036,3277,CASE-2025-03277,20250801,20250807,2025-08-01T12:24:43,2025-08-07T11:41:44,5,4,true,Self-Service,false
1037,3280,CASE-2025-03280,20250729,20250801,2025-07-29T11:34:35,2025-08-01T13:17:40,2,2,false,Accuracy,true
1038,3282,CASE-2025-03282,20250724,20250729,2025-07-24T10:05:27,2025-07-29T08:00:11,4,4,true,Accuracy,false
1039,3284,CASE-2025-03284,20250723,20250725,2025-07-23T14:10:31,2025-07-25T09:32:36,4,5,true,Communication,false
1040,3285,CASE-2025-03285,20250723,20250730,2025-07-23T10:57:17,2025-07-30T11:15:03,4,5,true,Communication,false
1041,3287,CASE-2025-03287,20250723,20250730,2025-07-23T15:04:26,2025-07-30T15:36:58,4,5,true,Communication,false
1042,3288,CASE-2025-03288,20250724,20250730,2025-07-24T08:35:44,2025-07-30T15:13:52,4,4,true,Communication,false
1043,3289,CASE-2025-03289,20250730,20250801,2025-07-30T10:01:43,2025-08-01T09:40:41,4,4,true,Speed,false
1044,3290,CASE-2025-03290,20250724,20250725,2025-07-24T10:32:45,2025-07-25T09:05:10,3,3,true,Speed,false
1045,3291,CASE-2025-03291,20250724,20250801,2025-07-24T13:44:25,2025-08-01T10:23:25,4,4,true,Self-Service,false
1046,3293,CASE-2025-03293,20250723,20250728,2025-07-23T12:53:06,2025-07-28T14:44:17,3,4,true,Speed,false
1047,3304,CASE-2025-03304,20250730,20250801,2025-07-30T15:41:22,2025-08-01T13:09:21,2,2,true,Speed,true
1048,3306,CASE-2025-03306,20250730,20250807,2025-07-30T15:46:08,2025-08-07T13:19:01,3,4,false,Communication,false
1049,3311,CASE-2025-03311,20250805,20250806,2025-08-05T10:15:55,2025-08-06T08:22:08,4,3,false,Speed,false
1050,3319,CASE-2025-03319,20250728,20250804,2025-07-28T09:33:29,2025-08-04T11:29:29,5,4,true,Communication,false
1051,3320,CASE-2025-03320,20250725,20250729,2025-07-25T10:49:31,2025-07-29T08:24:56,4,4,true,Communication,false
1052,3323,CASE-2025-03323,20250729,20250801,2025-07-29T09:15:54,2025-08-01T09:24:31,4,4,false,Speed,false
1053,3325,CASE-2025-03325,20250729,20250801,2025-07-29T10:01:21,2025-08-01T12:48:13,4,4,true,Accuracy,false
1054,3328,CASE-2025-03328,20250730,20250801,2025-07-30T13:47:33,2025-08-01T14:11:19,3,4,true,Accuracy,false
1055,3339,CASE-2025-03339,20250730,20250805,2025-07-30T08:04:28,2025-08-05T14:54:56,4,3,true,Communication,false
1056,3340,CASE-2025-03340,20250730,20250805,2025-07-30T14:10:41,2025-08-05T10:55:52,3,4,true,Speed,false
1057,3342,CASE-2025-03342,20250729,20250801,2025-07-29T11:31:27,2025-08-01T08:11:23,3,3,true,Communication,false
1058,3354,CASE-2025-03354,20250730,20250806,2025-07-30T15:34:27,2025-08-06T08:32:53,4,4,true,Speed,false
1059,3358,CASE-2025-03358,20250730,20250804,2025-07-30T12:51:35,2025-08-04T12:24:16,3,4,true,Communication,false
1060,3363,CASE-2025-03363,20250807,20250813,2025-08-07T14:10:01,2025-08-13T13:03:22,4,4,true,Communication,false
1061,3369,CASE-2025-03369,20250804,20250811,2025-08-04T15:00:09,2025-08-11T08:30:57,5,5,true,Accuracy,false
1062,3371,CASE-2025-03371,20250729,20250804,2025-07-29T10:23:24,2025-08-04T10:55:17,4,4,true,Other,false
1063,3377,CASE-2025-03377,20250730,20250801,2025-07-30T11:21:44,2025-08-01T12:02:09,4,3,true,Speed,false
1064,3383,CASE-2025-03383,20250804,20250806,2025-08-04T10:05:44,2025-08-06T13:02:54,3,2,true,Speed,false
1065,3384,CASE-2025-03384,20250731,20250804,2025-07-31T10:38:14,2025-08-04T10:19:23,4,4,true,Self-Service,false
1066,3387,CASE-2025-03387,20250801,20250805,2025-08-01T08:33:47,2025-08-05T11:16:40,5,5,true,Communication,false
1067,3390,CASE-2025-03390,20250729,20250731,2025-07-29T13:35:20,2025-07-31T15:31:41,4,4,true,Communication,false
1068,3396,CASE-2025-03396,20250730,20250731,2025-07-30T12:28:46,2025-07-31T08:31:16,3,2,false,Speed,false
1069,3398,CASE-2025-03398,20250801,20250807,2025-08-01T10:35:09,2025-08-07T15:03:04,4,4,true,Communication,false
1070,3403,CASE-2025-03403,20250730,20250805,2025-07-30T09:41:00,2025-08-05T15:11:51,3,3,false,Communication,false
1071,3405,CASE-2025-03405,20250801,20250806,2025-08-01T15:31:56,2025-08-06T08:25:39,3,3,false,Self-Service,false
1072,3410,CASE-2025-03410,20250801,20250806,2025-08-01T08:22:38,2025-08-06T15:01:21,5,5,true,Speed,false
1073,3420,CASE-2025-03420,20250805,20250811,2025-08-05T10:21:25,2025-08-11T15:16:27,4,3,false,Communication,false
1074,3422,CASE-2025-03422,20250804,20250811,2025-08-04T15:47:45,2025-08-11T10:58:29,3,3,true,Self-Service,false
1075,3424,CASE-2025-03424,20250801,20250805,2025-08-01T11:11:41,2025-08-05T08:54:25,3,3,false,Speed,false
1076,3425,CASE-2025-03425,20250807,20250813,2025-08-07T08:58:22,2025-08-13T11:35:55,5,5,true,Communication,false
1077,3436,CASE-2025-03436,20250731,20250807,2025-07-31T08:04:55,2025-08-07T15:55:28,4,4,true,Accuracy,false
1078,3440,CASE-2025-03440,20250804,20250807,2025-08-04T12:29:45,2025-08-07T09:22:05,4,5,true,Self-Service,false
1079,3444,CASE-2025-03444,20250804,20250811,2025-08-04T11:00:58,2025-08-11T11:21:26,5,4,true,Self-Service,false
1080,3449,CASE-2025-03449,20250806,20250806,2025-08-06T09:39:36,2025-08-06T15:35:49,3,2,true,Accuracy,false
1081,3455,CASE-2025-03455,20250801,20250805,2025-08-01T12:29:49,2025-08-05T11:51:16,3,4,true,Accuracy,false
1082,3457,CASE-2025-03457,20250801,20250804,2025-08-01T11:57:25,2025-08-04T10:44:08,5,5,true,Speed,false
1083,3466,CASE-2025-03466,20250811,20250815,2025-08-11T13:32:30,2025-08-15T15:46:09,5,5,true,Accuracy,false
1084,3467,CASE-2025-03467,20250804,20250812,2025-08-04T11:03:38,2025-08-12T09:52:49,5,5,true,Other,false
1085,3470,CASE-2025-03470,20250806,20250812,2025-08-06T12:59:26,2025-08-12T15:48:07,3,2,true,Speed,false
1086,3474,CASE-2025-03474,20250808,20250813,2025-08-08T15:25:59,2025-08-13T15:52:42,5,5,true,Speed,false
1087,3481,CASE-2025-03481,20250807,20250814,2025-08-07T15:10:06,2025-08-14T15:35:48,4,4,true,Speed,false
1088,3482,CASE-2025-03482,20250804,20250808,2025-08-04T15:35:08,2025-08-08T15:56:01,4,4,true,Communication,false
1089,3484,CASE-2025-03484,20250812,20250820,2025-08-12T15:39:28,2025-08-20T12:40:05,3,3,true,Speed,false
1090,3487,CASE-2025-03487,20250813,20250820,2025-08-13T11:43:20,2025-08-20T11:13:16,2,2,true,Communication,true
1091,3488,CASE-2025-03488,20250807,20250814,2025-08-07T12:12:44,2025-08-14T09:37:16,5,5,true,Speed,false
1092,3489,CASE-2025-03489,20250813,20250814,2025-08-13T09:08:12,2025-08-14T08:04:40,4,4,true,Speed,false
1093,3495,CASE-2025-03495,20250808,20250811,2025-08-08T13:02:58,2025-08-11T12:50:06,2,2,true,Accuracy,true
1094,3501,CASE-2025-03501,20250811,20250813,2025-08-11T09:10:02,2025-08-13T14:13:39,4,5,true,Communication,false
1095,3504,CASE-2025-03504,20250807,20250814,2025-08-07T13:43:59,2025-08-14T09:54:58,5,5,true,Speed,false
1096,3507,CASE-2025-03507,20250808,20250815,2025-08-08T13:09:07,2025-08-15T13:55:57,3,3,false,Speed,false
1097,3513,CASE-2025-03513,20250805,20250811,2025-08-05T10:57:54,2025-08-11T09:32:20,4,4,true,Communication,false
1098,3514,CASE-2025-03514,20250807,20250813,2025-08-07T13:07:08,2025-08-13T13:03:39,5,5,true,Communication,false
1099,3516,CASE-2025-03516,20250815,20250821,2025-08-15T10:45:05,2025-08-21T08:35:35,5,5,true,Accuracy,false
1100,3522,CASE-2025-03522,20250806,20250807,2025-08-06T09:03:21,2025-08-07T11:28:20,4,4,false,Communication,false
1101,3523,CASE-2025-03523,20250806,20250811,2025-08-06T14:09:27,2025-08-11T14:21:57,4,4,true,Self-Service,false
1102,3524,CASE-2025-03524,20250811,20250818,2025-08-11T13:50:12,2025-08-18T10:40:48,4,4,true,Speed,false
1103,3525,CASE-2025-03525,20250807,20250811,2025-08-07T11:40:34,2025-08-11T11:20:51,4,4,true,Speed,false
1104,3534,CASE-2025-03534,20250818,20250826,2025-08-18T09:03:56,2025-08-26T09:01:18,4,4,false,Speed,false
1105,3537,CASE-2025-03537,20250812,20250820,2025-08-12T15:13:42,2025-08-20T10:57:46,3,4,true,Self-Service,false
1106,3538,CASE-2025-03538,20250814,20250818,2025-08-14T14:17:01,2025-08-18T09:57:08,4,5,true,Speed,false
1107,3542,CASE-2025-03542,20250818,20250819,2025-08-18T12:11:26,2025-08-19T15:46:41,3,3,true,Speed,false
1108,3543,CASE-2025-03543,20250807,20250812,2025-08-07T15:01:00,2025-08-12T10:53:30,4,3,true,Accuracy,false
1109,3544,CASE-2025-03544,20250811,20250814,2025-08-11T15:54:58,2025-08-14T12:27:57,5,5,true,Self-Service,false
1110,3551,CASE-2025-03551,20250811,20250814,2025-08-11T13:46:26,2025-08-14T08:18:16,4,4,false,Self-Service,false
1111,3552,CASE-2025-03552,20250821,20250829,2025-08-21T12:17:51,2025-08-29T08:46:01,3,4,true,Speed,false
1112,3554,CASE-2025-03554,20250811,20250819,2025-08-11T09:20:51,2025-08-19T08:32:21,4,4,true,Accuracy,false
1113,3555,CASE-2025-03555,20250812,20250819,2025-08-12T14:48:29,2025-08-19T11:45:59,4,5,true,Speed,false
1114,3558,CASE-2025-03558,20250812,20250815,2025-08-12T08:27:19,2025-08-15T10:30:31,3,4,true,Self-Service,false
1115,3561,CASE-2025-03561,20250811,20250812,2025-08-11T13:56:33,2025-08-12T09:12:52,4,4,false,Speed,false
1116,3567,CASE-2025-03567,20250812,20250818,2025-08-12T11:01:25,2025-08-18T15:59:18,4,5,true,Communication,false
1117,3577,CASE-2025-03577,20250808,20250818,2025-08-08T15:17:56,2025-08-18T12:23:27,5,4,true,Speed,false
1118,3581,CASE-2025-03581,20250811,20250814,2025-08-11T13:31:17,2025-08-14T12:10:47,5,5,true,Speed,false
1119,3583,CASE-2025-03583,20250821,20250827,2025-08-21T13:25:25,2025-08-27T11:42:56,3,3,true,Speed,false
1120,3584,CASE-2025-03584,20250819,20250822,2025-08-19T15:08:32,2025-08-22T14:49:37,3,2,false,Communication,false
1121,3585,CASE-2025-03585,20250815,20250819,2025-08-15T13:43:30,2025-08-19T14:31:08,4,4,false,Self-Service,false
1122,3588,CASE-2025-03588,20250815,20250822,2025-08-15T10:43:57,2025-08-22T11:41:51,4,4,true,Accuracy,false
1123,3589,CASE-2025-03589,20250813,20250818,2025-08-13T13:21:45,2025-08-18T12:13:31,4,4,true,Communication,false
1124,3591,CASE-2025-03591,20250813,20250814,2025-08-13T14:33:34,2025-08-14T13:03:51,3,4,true,Communication,false
1125,3593,CASE-2025-03593,20250812,20250819,2025-08-12T10:35:26,2025-08-19T15:41:45,5,4,true,Speed,false
1126,3596,CASE-2025-03596,20250814,20250821,2025-08-14T08:55:16,2025-08-21T10:31:24,4,4,true,Speed,false
1127,3597,CASE-2025-03597,20250821,20250822,2025-08-21T13:31:16,2025-08-22T14:52:01,3,4,true,Speed,false
1128,3603,CASE-2025-03603,20250818,20250826,2025-08-18T12:48:37,2025-08-26T08:46:36,3,2,true,Accuracy,false
1129,3605,CASE-2025-03605,20250812,20250814,2025-08-12T11:38:32,2025-08-14T12:33:16,2,2,true,Speed,true
1130,3606,CASE-2025-03606,20250812,20250813,2025-08-12T15:48:14,2025-08-13T12:15:55,3,2,true,Other,false
1131,3608,CASE-2025-03608,20250813,20250820,2025-08-13T15:15:09,2025-08-20T09:12:13,3,3,true,Self-Service,false
1132,3610,CASE-2025-03610,20250818,20250818,2025-08-18T10:22:45,2025-08-18T12:43:48,3,4,true,Speed,false
1133,3616,CASE-2025-03616,20250814,20250821,2025-08-14T14:06:38,2025-08-21T10:09:34,4,5,true,Self-Service,false
1134,3618,CASE-2025-03618,20250819,20250820,2025-08-19T12:39:49,2025-08-20T13:47:21,3,3,true,Communication,false
1135,3620,CASE-2025-03620,20250814,20250818,2025-08-14T10:21:05,2025-08-18T10:39:35,5,4,true,Self-Service,false
1136,3621,CASE-2025-03621,20250815,20250820,2025-08-15T10:54:48,2025-08-20T09:39:01,4,4,true,Speed,false
1137,3622,CASE-2025-03622,20250815,20250815,2025-08-15T08:34:19,2025-08-15T15:01:11,5,5,true,Speed,false
1138,3623,CASE-2025-03623,20250818,20250826,2025-08-18T13:22:56,2025-08-26T08:29:45,3,4,true,Communication,false
1139,3624,CASE-2025-03624,20250819,20250822,2025-08-19T10:51:42,2025-08-22T11:52:13,4,4,true,Accuracy,false
1140,3626,CASE-2025-03626,20250815,20250822,2025-08-15T15:06:36,2025-08-22T10:51:50,5,5,true,Speed,false
1141,3627,CASE-2025-03627,20250813,20250821,2025-08-13T12:20:52,2025-08-21T11:37:47,5,5,true,Speed,false
1142,3628,CASE-2025-03628,20250813,20250819,2025-08-13T10:33:54,2025-08-19T11:06:59,4,5,true,Accuracy,false
1143,3629,CASE-2025-03629,20250822,20250827,2025-08-22T14:45:07,2025-08-27T08:47:56,4,4,false,Accuracy,false
1144,3631,CASE-2025-03631,20250813,20250819,2025-08-13T13:43:23,2025-08-19T13:25:55,5,5,true,Other,false
1145,3633,CASE-2025-03633,20250814,20250821,2025-08-14T11:52:54,2025-08-21T09:25:13,5,4,true,Self-Service,false
1146,3640,CASE-2025-03640,20250819,20250826,2025-08-19T12:17:55,2025-08-26T11:04:03,4,4,true,Self-Service,false
1147,3641,CASE-2025-03641,20250818,20250825,2025-08-18T08:41:11,2025-08-25T13:36:42,4,4,true,Communication,false
1148,3643,CASE-2025-03643,20250815,20250818,2025-08-15T12:48:03,2025-08-18T15:07:56,3,3,true,Communication,false
1149,3654,CASE-2025-03654,20250821,20250826,2025-08-21T10:20:58,2025-08-26T08:28:43,4,4,true,Accuracy,false
1150,3655,CASE-2025-03655,20250815,20250819,2025-08-15T08:11:15,2025-08-19T11:27:09,4,4,true,Communication,false
1151,3657,CASE-2025-03657,20250815,20250821,2025-08-15T13:39:33,2025-08-21T10:52:21,4,4,true,Communication,false
1152,3663,CASE-2025-03663,20250818,20250826,2025-08-18T12:57:03,2025-08-26T09:04:43,3,3,false,Speed,false
1153,3672,CASE-2025-03672,20250818,20250821,2025-08-18T13:06:16,2025-08-21T15:11:53,5,5,true,Accuracy,false
1154,3674,CASE-2025-03674,20250905,20250908,2025-09-05T11:57:40,2025-09-08T12:12:56,4,3,true,Speed,false
1155,3677,CASE-2025-03677,20250819,20250825,2025-08-19T09:12:01,2025-08-25T12:00:42,3,3,true,Communication,false
1156,3679,CASE-2025-03679,20250818,20250820,2025-08-18T08:52:40,2025-08-20T12:18:17,5,4,true,Accuracy,false
1157,3680,CASE-2025-03680,20250827,20250828,2025-08-27T15:17:55,2025-08-28T13:22:30,3,3,false,Speed,false
1158,3687,CASE-2025-03687,20250819,20250819,2025-08-19T08:43:53,2025-08-19T14:37:46,5,4,true,Accuracy,false
1159,3690,CASE-2025-03690,20250827,20250904,2025-08-27T11:31:38,2025-09-04T10:25:25,4,4,true,Speed,false
1160,3692,CASE-2025-03692,20250821,20250825,2025-08-21T13:13:49,2025-08-25T09:22:39,3,3,true,Communication,false
1161,3695,CASE-2025-03695,20250822,20250827,2025-08-22T13:29:14,2025-08-27T13:12:09,3,3,false,Speed,false
1162,3703,CASE-2025-03703,20250820,20250822,2025-08-20T13:05:25,2025-08-22T11:20:29,4,5,true,Speed,false
1163,3708,CASE-2025-03708,20250821,20250829,2025-08-21T13:51:00,2025-08-29T12:13:02,4,4,true,Accuracy,false
1164,3712,CASE-2025-03712,20250820,20250825,2025-08-20T11:50:29,2025-08-25T13:26:34,4,3,true,Accuracy,false
1165,3713,CASE-2025-03713,20250822,20250826,2025-08-22T14:21:48,2025-08-26T14:16:01,5,5,true,Communication,false
1166,3716,CASE-2025-03716,20250821,20250825,2025-08-21T11:15:52,2025-08-25T09:47:25,4,4,true,Communication,false
1167,3717,CASE-2025-03717,20250821,20250826,2025-08-21T09:01:01,2025-08-26T14:33:07,4,4,true,Accuracy,false
1168,3718,CASE-2025-03718,20250827,20250903,2025-08-27T10:55:54,2025-09-03T08:57:59,2,1,true,Accuracy,true
1169,3721,CASE-2025-03721,20250821,20250825,2025-08-21T10:03:48,2025-08-25T10:41:33,4,3,true,Self-Service,false
1170,3728,CASE-2025-03728,20250822,20250826,2025-08-22T09:36:15,2025-08-26T15:56:01,4,4,true,Accuracy,false
1171,3729,CASE-2025-03729,20250819,20250821,2025-08-19T12:46:06,2025-08-21T08:59:45,4,4,true,Accuracy,false
1172,3730,CASE-2025-03730,20250825,20250827,2025-08-25T10:05:44,2025-08-27T11:32:37,4,4,false,Accuracy,false
1173,3734,CASE-2025-03734,20250820,20250825,2025-08-20T13:28:36,2025-08-25T14:19:16,4,4,true,Other,false
1174,3737,CASE-2025-03737,20250827,20250902,2025-08-27T14:32:16,2025-09-02T15:47:19,4,4,false,Accuracy,false
1175,3738,CASE-2025-03738,20250825,20250829,2025-08-25T09:14:37,2025-08-29T10:10:02,3,4,true,Speed,false
1176,3739,CASE-2025-03739,20250827,20250903,2025-08-27T10:47:12,2025-09-03T14:35:16,3,2,true,Communication,false
1177,3746,CASE-2025-03746,20250820,20250826,2025-08-20T12:41:14,2025-08-26T11:06:36,4,5,false,Speed,false
1178,3752,CASE-2025-03752,20250828,20250904,2025-08-28T15:40:40,2025-09-04T08:37:36,4,4,true,Accuracy,false
1179,3756,CASE-2025-03756,20250826,20250829,2025-08-26T15:15:53,2025-08-29T15:39:24,3,4,true,Accuracy,false
1180,3763,CASE-2025-03763,20250826,20250903,2025-08-26T11:16:29,2025-09-03T10:16:44,4,4,true,Accuracy,false
1181,3768,CASE-2025-03768,20250826,20250829,2025-08-26T09:08:48,2025-08-29T09:31:29,5,5,false,Accuracy,false
1182,3769,CASE-2025-03769,20250828,20250828,2025-08-28T08:14:28,2025-08-28T14:08:59,3,3,true,Self-Service,false
1183,3781,CASE-2025-03781,20250822,20250827,2025-08-22T08:20:40,2025-08-27T13:21:40,4,4,true,Speed,false
1184,3785,CASE-2025-03785,20250828,20250904,2025-08-28T13:57:54,2025-09-04T14:16:41,5,5,true,Accuracy,false
1185,3786,CASE-2025-03786,20250825,20250901,2025-08-25T12:43:06,2025-09-01T15:51:47,4,3,true,Self-Service,false
1186,3788,CASE-2025-03788,20250825,20250826,2025-08-25T13:05:53,2025-08-26T09:31:32,3,3,true,Communication,false
1187,3792,CASE-2025-03792,20250825,20250828,2025-08-25T15:31:20,2025-08-28T09:13:21,5,5,true,Speed,false
1188,3793,CASE-2025-03793,20250901,20250903,2025-09-01T15:32:32,2025-09-03T11:08:36,2,2,false,Accuracy,true
1189,3795,CASE-2025-03795,20250827,20250829,2025-08-27T11:33:24,2025-08-29T13:06:01,3,4,true,Speed,false
1190,3796,CASE-2025-03796,20250827,20250903,2025-08-27T14:32:18,2025-09-03T15:29:14,5,4,true,Other,false
1191,3804,CASE-2025-03804,20250827,20250901,2025-08-27T13:12:56,2025-09-01T12:49:06,4,4,true,Speed,false
1192,3807,CASE-2025-03807,20250826,20250828,2025-08-26T09:28:21,2025-08-28T09:01:16,4,5,true,Speed,false
1193,3810,CASE-2025-03810,20250827,20250904,2025-08-27T10:45:01,2025-09-04T09:23:10,3,3,true,Accuracy,false
1194,3813,CASE-2025-03813,20250826,20250827,2025-08-26T13:47:48,2025-08-27T13:31:13,5,5,true,Speed,false
1195,3818,CASE-2025-03818,20250910,20250917,2025-09-10T09:01:51,2025-09-17T10:20:09,4,4,true,Communication,false
1196,3827,CASE-2025-03827,20250828,20250904,2025-08-28T15:33:29,2025-09-04T10:40:51,5,4,true,Other,false
1197,3830,CASE-2025-03830,20250828,20250903,2025-08-28T11:57:58,2025-09-03T08:15:06,5,5,true,Other,false
1198,3837,CASE-2025-03837,20250829,20250903,2025-08-29T14:08:27,2025-09-03T09:16:31,4,3,false,Accuracy,false
1199,3841,CASE-2025-03841,20250901,20250902,2025-09-01T10:16:42,2025-09-02T08:58:27,4,4,true,Self-Service,false
1200,3848,CASE-2025-03848,20250915,20250917,2025-09-15T09:21:36,2025-09-17T12:01:10,4,4,true,Communication,false
1201,3850,CASE-2025-03850,20250901,20250902,2025-09-01T08:06:47,2025-09-02T11:43:28,4,4,true,Speed,false
1202,3854,CASE-2025-03854,20250904,20250912,2025-09-04T13:21:33,2025-09-12T12:27:30,4,3,false,Accuracy,false
1203,3855,CASE-2025-03855,20250828,20250902,2025-08-28T11:09:03,2025-09-02T14:57:20,5,4,true,Speed,false
1204,3858,CASE-2025-03858,20250829,20250905,2025-08-29T08:09:07,2025-09-05T12:19:30,5,5,true,Speed,false
1205,3861,CASE-2025-03861,20250901,20250902,2025-09-01T09:18:24,2025-09-02T10:20:36,4,3,true,Accuracy,false
1206,3863,CASE-2025-03863,20250901,20250901,2025-09-01T11:35:34,2025-09-01T15:13:01,4,5,false,Communication,false
1207,3865,CASE-2025-03865,20250828,20250901,2025-08-28T11:35:37,2025-09-01T14:06:59,3,4,true,Communication,false
1208,3867,CASE-2025-03867,20250901,20250901,2025-09-01T09:41:33,2025-09-01T13:00:42,4,3,true,Other,false
1209,3877,CASE-2025-03877,20250904,20250908,2025-09-04T10:36:00,2025-09-08T15:18:56,5,5,true,Speed,false
1210,3883,CASE-2025-03883,20250901,20250905,2025-09-01T13:58:26,2025-09-05T11:59:08,5,5,true,Other,false
1211,3886,CASE-2025-03886,20250901,20250903,2025-09-01T10:47:09,2025-09-03T11:54:55,4,4,true,Self-Service,false
1212,3887,CASE-2025-03887,20250908,20250908,2025-09-08T10:23:01,2025-09-08T15:45:59,4,4,true,Accuracy,false
1213,3890,CASE-2025-03890,20250904,20250908,2025-09-04T08:00:02,2025-09-08T10:55:13,4,4,true,Communication,false
1214,3891,CASE-2025-03891,20250828,20250902,2025-08-28T14:16:45,2025-09-02T09:16:36,5,5,true,Accuracy,false
1215,3892,CASE-2025-03892,20250910,20250917,2025-09-10T14:27:51,2025-09-17T13:48:56,3,4,true,Communication,false
1216,3894,CASE-2025-03894,20250904,20250911,2025-09-04T15:26:18,2025-09-11T13:09:44,4,3,true,Communication,false
1217,3897,CASE-2025-03897,20250901,20250908,2025-09-01T11:02:28,2025-09-08T15:00:50,3,3,true,Communication,false
1218,3900,CASE-2025-03900,20250904,20250908,2025-09-04T09:55:57,2025-09-08T15:35:12,5,5,true,Self-Service,false
1219,3903,CASE-2025-03903,20250902,20250902,2025-09-02T09:45:19,2025-09-02T12:51:08,4,4,true,Speed,false
1220,3904,CASE-2025-03904,20250903,20250908,2025-09-03T09:02:33,2025-09-08T13:10:14,3,4,true,Accuracy,false
1221,3912,CASE-2025-03912,20250829,20250905,2025-08-29T12:42:14,2025-09-05T14:01:42,4,4,true,Speed,false
1222,3917,CASE-2025-03917,20250905,20250908,2025-09-05T11:05:58,2025-09-08T10:44:28,4,3,true,Communication,false
1223,3920,CASE-2025-03920,20250909,20250910,2025-09-09T08:58:37,2025-09-10T13:53:14,4,3,true,Speed,false
1224,3923,CASE-2025-03923,20250903,20250909,2025-09-03T12:03:13,2025-09-09T12:26:01,3,3,true,Speed,false
1225,3926,CASE-2025-03926,20250917,20250919,2025-09-17T08:47:40,2025-09-19T10:54:17,3,3,true,Accuracy,false
1226,3931,CASE-2025-03931,20250903,20250910,2025-09-03T13:34:03,2025-09-10T13:16:56,3,4,true,Accuracy,false
1227,3932,CASE-2025-03932,20250905,20250912,2025-09-05T13:55:26,2025-09-12T09:37:05,3,4,true,Communication,false
1228,3934,CASE-2025-03934,20250903,20250911,2025-09-03T14:24:36,2025-09-11T09:50:00,4,4,true,Accuracy,false
1229,3935,CASE-2025-03935,20250905,20250910,2025-09-05T14:38:20,2025-09-10T11:44:41,4,4,true,Self-Service,false
1230,3936,CASE-2025-03936,20250903,20250904,2025-09-03T08:46:07,2025-09-04T13:01:43,5,4,true,Accuracy,false
1231,3944,CASE-2025-03944,20250903,20250904,2025-09-03T09:09:42,2025-09-04T10:48:35,3,3,true,Speed,false
1232,3946,CASE-2025-03946,20250904,20250910,2025-09-04T12:50:31,2025-09-10T09:16:53,4,5,true,Communication,false
1233,3948,CASE-2025-03948,20250904,20250908,2025-09-04T11:43:50,2025-09-08T15:11:29,4,5,true,Communication,false
1234,3950,CASE-2025-03950,20250911,20250912,2025-09-11T13:31:52,2025-09-12T15:21:57,4,4,false,Speed,false
1235,3951,CASE-2025-03951,20250910,20250912,2025-09-10T08:45:22,2025-09-12T13:44:54,4,4,true,Speed,false
1236,3953,CASE-2025-03953,20250910,20250912,2025-09-10T08:05:32,2025-09-12T14:58:58,3,3,true,Self-Service,false
1237,3958,CASE-2025-03958,20250904,20250908,2025-09-04T14:17:54,2025-09-08T15:43:44,4,4,true,Accuracy,false
1238,3966,CASE-2025-03966,20250912,20250918,2025-09-12T12:17:39,2025-09-18T15:58:51,2,2,true,Speed,true
1239,3968,CASE-2025-03968,20250904,20250904,2025-09-04T09:00:38,2025-09-04T12:27:02,3,3,true,Communication,false
1240,3969,CASE-2025-03969,20250904,20250908,2025-09-04T14:30:22,2025-09-08T11:53:16,4,4,true,Communication,false
1241,3971,CASE-2025-03971,20250904,20250909,2025-09-04T09:09:54,2025-09-09T13:24:18,5,5,false,Accuracy,false
1242,3974,CASE-2025-03974,20250904,20250911,2025-09-04T13:55:33,2025-09-11T12:33:09,5,5,true,Communication,false
1243,3978,CASE-2025-03978,20250905,20250911,2025-09-05T12:34:27,2025-09-11T12:48:53,4,4,true,Other,false
1244,3979,CASE-2025-03979,20250910,20250919,2025-09-10T12:17:23,2025-09-19T09:45:41,3,3,true,Communication,false
1245,3980,CASE-2025-03980,20250905,20250915,2025-09-05T15:03:35,2025-09-15T08:33:58,4,3,true,Speed,false
1246,3983,CASE-2025-03983,20250910,20250911,2025-09-10T12:02:29,2025-09-11T09:41:46,4,4,true,Accuracy,false
1247,3984,CASE-2025-03984,20250910,20250912,2025-09-10T09:36:13,2025-09-12T09:31:42,4,4,true,Communication,false
1248,3986,CASE-2025-03986,20250909,20250915,2025-09-09T13:22:37,2025-09-15T12:16:19,4,4,true,Speed,false
1249,3988,CASE-2025-03988,20250905,20250911,2025-09-05T10:03:30,2025-09-11T14:09:29,4,3,true,Communication,false
1250,3989,CASE-2025-03989,20250911,20250912,2025-09-11T12:19:14,2025-09-12T08:24:56,4,4,true,Self-Service,false
1251,3993,CASE-2025-03993,20250909,20250910,2025-09-09T12:31:13,2025-09-10T08:54:46,5,4,true,Communication,false
1252,4000,CASE-2025-04000,20250908,20250910,2025-09-08T08:08:12,2025-09-10T10:31:43,5,5,true,Speed,false
1253,4007,CASE-2025-04007,20250909,20250917,2025-09-09T11:59:06,2025-09-17T09:25:06,4,4,true,Accuracy,false
1254,4008,CASE-2025-04008,20250908,20250910,2025-09-08T15:06:07,2025-09-10T15:59:16,5,5,true,Speed,false
1255,4012,CASE-2025-04012,20250908,20250917,2025-09-08T14:49:14,2025-09-17T13:41:17,4,4,true,Speed,false
1256,4013,CASE-2025-04013,20250909,20250912,2025-09-09T09:57:51,2025-09-12T11:04:22,5,4,true,Self-Service,false
1257,4021,CASE-2025-04021,20250911,20250915,2025-09-11T10:23:20,2025-09-15T10:16:10,4,4,true,Communication,false
1258,4023,CASE-2025-04023,20250911,20250915,2025-09-11T14:18:36,2025-09-15T14:06:12,4,5,true,Self-Service,false
1259,4027,CASE-2025-04027,20250908,20250917,2025-09-08T12:36:00,2025-09-17T10:10:38,5,5,true,Speed,false
1260,4028,CASE-2025-04028,20250912,20250919,2025-09-12T10:41:29,2025-09-19T12:47:09,4,4,true,Accuracy,false
1261,4030,CASE-2025-04030,20250910,20250918,2025-09-10T08:12:40,2025-09-18T11:17:08,3,3,true,Accuracy,false
1262,4031,CASE-2025-04031,20250909,20250912,2025-09-09T08:17:36,2025-09-12T09:01:44,4,4,true,Communication,false
1263,4032,CASE-2025-04032,20250908,20250912,2025-09-08T12:41:16,2025-09-12T11:00:32,5,5,true,Communication,false
1264,4035,CASE-2025-04035,20250911,20250917,2025-09-11T15:50:06,2025-09-17T09:59:01,4,4,true,Speed,false
1265,4040,CASE-2025-04040,20250909,20250911,2025-09-09T12:09:39,2025-09-11T10:07:43,4,4,true,Accuracy,false
1266,4041,CASE-2025-04041,20250909,20250912,2025-09-09T15:42:35,2025-09-12T12:15:22,5,5,true,Communication,false
1267,4044,CASE-2025-04044,20250911,20250919,2025-09-11T08:30:43,2025-09-19T09:13:26,3,2,true,Communication,false
1268,4045,CASE-2025-04045,20250915,20250923,2025-09-15T14:33:26,2025-09-23T12:28:59,2,2,true,Accuracy,true
1269,4046,CASE-2025-04046,20250909,20250911,2025-09-09T11:29:51,2025-09-11T08:26:09,3,3,true,Speed,false
1270,4051,CASE-2025-04051,20250911,20250917,2025-09-11T15:30:47,2025-09-17T14:14:24,4,5,true,Self-Service,false
1271,4057,CASE-2025-04057,20250909,20250912,2025-09-09T15:13:34,2025-09-12T11:01:36,5,5,true,Self-Service,false
1272,4059,CASE-2025-04059,20250912,20250923,2025-09-12T14:19:19,2025-09-23T12:12:14,4,4,true,Communication,false
1273,4060,CASE-2025-04060,20250912,20250919,2025-09-12T11:31:27,2025-09-19T09:52:46,4,4,true,Speed,false
1274,4063,CASE-2025-04063,20250910,20250917,2025-09-10T14:09:15,2025-09-17T12:13:47,4,4,false,Speed,false
1275,4067,CASE-2025-04067,20250918,20250923,2025-09-18T12:40:39,2025-09-23T15:38:21,2,2,true,Speed,true
1276,4069,CASE-2025-04069,20250912,20250919,2025-09-12T12:07:22,2025-09-19T08:09:30,4,4,true,Speed,false
1277,4070,CASE-2025-04070,20250911,20250918,2025-09-11T13:08:41,2025-09-18T08:24:17,5,5,true,Other,false
1278,4074,CASE-2025-04074,20250910,20250917,2025-09-10T11:23:05,2025-09-17T13:34:04,5,5,true,Communication,false
1279,4076,CASE-2025-04076,20250910,20250919,2025-09-10T14:58:45,2025-09-19T12:46:37,5,5,true,Accuracy,false
1280,4078,CASE-2025-04078,20250910,20250918,2025-09-10T12:07:29,2025-09-18T12:54:50,4,5,true,Communication,false
1281,4079,CASE-2025-04079,20250918,20250919,2025-09-18T08:30:37,2025-09-19T15:26:02,3,3,false,Speed,false
1282,4080,CASE-2025-04080,20250915,20250919,2025-09-15T08:27:08,2025-09-19T13:38:07,4,5,true,Accuracy,false
1283,4084,CASE-2025-04084,20250911,20250917,2025-09-11T08:06:54,2025-09-17T12:01:27,4,5,false,Other,false
1284,4085,CASE-2025-04085,20250909,20250911,2025-09-09T13:14:23,2025-09-11T13:23:26,4,4,true,Self-Service,false
1285,4086,CASE-2025-04086,20250911,20250911,2025-09-11T08:28:41,2025-09-11T13:12:23,5,5,true,Self-Service,false
1286,4088,CASE-2025-04088,20250911,20250919,2025-09-11T15:29:53,2025-09-19T08:41:03,4,3,true,Speed,false
1287,4091,CASE-2025-04091,20250911,20250919,2025-09-11T13:47:24,2025-09-19T09:44:30,4,4,false,Speed,false
1288,4093,CASE-2025-04093,20250917,20250924,2025-09-17T08:24:18,2025-09-24T14:23:35,5,4,true,Self-Service,false
1289,4097,CASE-2025-04097,20250922,20250923,2025-09-22T15:14:11,2025-09-23T14:46:02,3,3,true,Communication,false
1290,4100,CASE-2025-04100,20250923,20250926,2025-09-23T11:29:53,2025-09-26T10:56:52,4,4,true,Communication,false
1291,4101,CASE-2025-04101,20250911,20250919,2025-09-11T14:13:15,2025-09-19T11:01:20,5,5,true,Communication,false
1292,4107,CASE-2025-04107,20250918,20250922,2025-09-18T15:58:29,2025-09-22T13:33:12,4,2,true,Accuracy,false
1293,4117,CASE-2025-04117,20250917,20250922,2025-09-17T09:07:20,2025-09-22T15:18:08,5,5,true,Other,false
1294,4118,CASE-2025-04118,20250912,20250919,2025-09-12T12:45:43,2025-09-19T09:47:56,4,4,false,Other,false
1295,4120,CASE-2025-04120,20250915,20250919,2025-09-15T15:42:31,2025-09-19T10:00:49,3,3,true,Speed,false
1296,4121,CASE-2025-04121,20250912,20250919,2025-09-12T15:17:46,2025-09-19T12:51:11,5,5,true,Other,false
1297,4122,CASE-2025-04122,20250922,20250929,2025-09-22T12:56:50,2025-09-29T09:43:59,4,4,true,Speed,false
1298,4124,CASE-2025-04124,20250918,20250925,2025-09-18T15:38:06,2025-09-25T09:04:05,5,5,true,Communication,false
1299,4125,CASE-2025-04125,20250912,20250922,2025-09-12T14:39:48,2025-09-22T08:20:36,4,5,true,Speed,false
1300,4127,CASE-2025-04127,20250922,20250926,2025-09-22T13:47:41,2025-09-26T15:32:41,4,3,true,Accuracy,false
1301,4128,CASE-2025-04128,20250919,20250923,2025-09-19T11:00:40,2025-09-23T15:36:42,4,4,true,Accuracy,false
1302,4131,CASE-2025-04131,20250919,20250926,2025-09-19T08:16:06,2025-09-26T08:07:11,4,4,true,Accuracy,false
1303,4136,CASE-2025-04136,20250929,20251001,2025-09-29T13:33:46,2025-10-01T09:53:50,4,5,true,Accuracy,false
1304,4137,CASE-2025-04137,20250919,20250924,2025-09-19T10:46:51,2025-09-24T12:40:20,3,4,true,Accuracy,false
1305,4142,CASE-2025-04142,20250918,20250924,2025-09-18T11:37:23,2025-09-24T13:07:18,4,5,false,Speed,false
1306,4148,CASE-2025-04148,20250924,20250929,2025-09-24T08:15:32,2025-09-29T12:32:35,4,4,true,Accuracy,false
1307,4161,CASE-2025-04161,20250915,20250919,2025-09-15T10:18:23,2025-09-19T10:44:56,4,3,true,Accuracy,false
1308,4164,CASE-2025-04164,20250917,20250922,2025-09-17T12:50:09,2025-09-22T09:14:24,4,4,true,Accuracy,false
1309,4166,CASE-2025-04166,20250918,20250922,2025-09-18T11:54:57,2025-09-22T13:46:32,4,3,true,Communication,false
1310,4167,CASE-2025-04167,20250918,20250924,2025-09-18T11:17:05,2025-09-24T09:08:48,2,3,false,Accuracy,true
1311,4169,CASE-2025-04169,20250917,20250922,2025-09-17T08:29:39,2025-09-22T15:55:50,4,5,true,Self-Service,false
1312,4174,CASE-2025-04174,20250919,20250925,2025-09-19T08:25:19,2025-09-25T15:28:26,3,3,false,Speed,false
1313,4177,CASE-2025-04177,20250918,20250924,2025-09-18T09:33:29,2025-09-24T11:15:56,5,4,true,Accuracy,false
1314,4178,CASE-2025-04178,20250918,20250923,2025-09-18T10:49:15,2025-09-23T11:17:30,4,4,true,Communication,false
1315,4184,CASE-2025-04184,20250917,20250919,2025-09-17T09:42:18,2025-09-19T14:41:14,4,5,true,Speed,false
1316,4192,CASE-2025-04192,20250918,20250922,2025-09-18T12:20:46,2025-09-22T09:32:17,3,4,true,Communication,false
1317,4193,CASE-2025-04193,20250919,20250925,2025-09-19T14:12:33,2025-09-25T10:35:04,4,4,true,Other,false
1318,4198,CASE-2025-04198,20250918,20250923,2025-09-18T08:28:20,2025-09-23T11:36:21,4,5,true,Accuracy,false
1319,4204,CASE-2025-04204,20250919,20250924,2025-09-19T13:40:25,2025-09-24T13:09:49,4,4,true,Speed,false
1320,4205,CASE-2025-04205,20250924,20250930,2025-09-24T11:22:43,2025-09-30T12:39:00,4,4,true,Accuracy,false
1321,4212,CASE-2025-04212,20250922,20250930,2025-09-22T15:38:16,2025-09-30T12:37:33,2,2,true,Self-Service,true
1322,4213,CASE-2025-04213,20250918,20250926,2025-09-18T13:27:50,2025-09-26T09:25:40,5,5,true,Accuracy,false
1323,4214,CASE-2025-04214,20250929,20251001,2025-09-29T09:57:18,2025-10-01T14:00:24,5,5,false,Communication,false
1324,4218,CASE-2025-04218,20250922,20250929,2025-09-22T15:13:52,2025-09-29T15:03:32,4,5,true,Accuracy,false
1325,4222,CASE-2025-04222,20250919,20250924,2025-09-19T10:41:57,2025-09-24T13:41:12,3,3,false,Accuracy,false
1326,4226,CASE-2025-04226,20250919,20250925,2025-09-19T08:56:02,2025-09-25T08:51:14,5,4,true,Accuracy,false
1327,4230,CASE-2025-04230,20250923,20250926,2025-09-23T14:18:58,2025-09-26T15:43:40,5,5,true,Speed,false
1328,4234,CASE-2025-04234,20250923,20250930,2025-09-23T10:57:40,2025-09-30T08:51:44,4,5,true,Speed,false
1329,4238,CASE-2025-04238,20250923,20250925,2025-09-23T09:57:31,2025-09-25T15:10:27,4,4,true,Accuracy,false
1330,4239,CASE-2025-04239,20250919,20250924,2025-09-19T15:13:15,2025-09-24T09:51:15,3,3,true,Communication,false
1331,4242,CASE-2025-04242,20250923,20250930,2025-09-23T09:36:00,2025-09-30T11:53:05,4,4,true,Accuracy,false
1332,4244,CASE-2025-04244,20250924,20250926,2025-09-24T12:42:15,2025-09-26T14:09:20,5,4,true,Communication,false
1333,4247,CASE-2025-04247,20250922,20250930,2025-09-22T12:57:24,2025-09-30T11:24:02,3,4,true,Communication,false
1334,4248,CASE-2025-04248,20250922,20250922,2025-09-22T10:46:34,2025-09-22T14:20:44,5,5,true,Speed,false
1335,4254,CASE-2025-04254,20250922,20250925,2025-09-22T15:52:57,2025-09-25T10:58:34,5,5,true,Other,false
1336,4255,CASE-2025-04255,20250929,20251003,2025-09-29T10:12:47,2025-10-03T12:43:08,4,5,false,Self-Service,false
1337,4259,CASE-2025-04259,20250925,20250926,2025-09-25T15:11:47,2025-09-26T12:28:35,5,5,true,Speed,false
1338,4260,CASE-2025-04260,20250922,20250924,2025-09-22T10:11:31,2025-09-24T13:02:34,3,3,true,Accuracy,false
1339,4265,CASE-2025-04265,20250923,20250923,2025-09-23T08:37:00,2025-09-23T14:33:51,5,5,true,Accuracy,false
1340,4266,CASE-2025-04266,20250930,20251003,2025-09-30T11:21:45,2025-10-03T09:27:09,4,3,true,Accuracy,false
1341,4274,CASE-2025-04274,20250924,20250926,2025-09-24T13:23:37,2025-09-26T10:27:59,4,4,true,Communication,false
1342,4275,CASE-2025-04275,20250924,20250929,2025-09-24T15:31:21,2025-09-29T14:20:49,3,2,true,Speed,false
1343,4278,CASE-2025-04278,20250924,20250930,2025-09-24T12:47:24,2025-09-30T11:30:08,4,4,true,Speed,false
1344,4281,CASE-2025-04281,20250926,20251006,2025-09-26T13:44:33,2025-10-06T08:41:04,3,3,true,Speed,false
1345,4285,CASE-2025-04285,20250930,20251007,2025-09-30T11:21:37,2025-10-07T14:57:48,3,3,false,Accuracy,false
1346,4287,CASE-2025-04287,20250923,20250930,2025-09-23T13:53:16,2025-09-30T08:30:16,4,4,true,Self-Service,false
1347,4288,CASE-2025-04288,20250926,20250929,2025-09-26T12:16:19,2025-09-29T15:48:39,4,4,true,Speed,false
1348,4290,CASE-2025-04290,20250926,20250930,2025-09-26T09:17:25,2025-09-30T12:06:11,3,4,true,Speed,false
1349,4291,CASE-2025-04291,20250929,20251001,2025-09-29T12:27:55,2025-10-01T11:09:00,4,4,true,Self-Service,false
1350,4294,CASE-2025-04294,20250926,20251003,2025-09-26T10:29:50,2025-10-03T15:21:37,3,4,true,Speed,false
1351,4295,CASE-2025-04295,20250924,20250924,2025-09-24T08:51:44,2025-09-24T15:28:40,4,4,true,Accuracy,false
1352,4297,CASE-2025-04297,20250925,20250926,2025-09-25T14:10:57,2025-09-26T13:47:48,5,4,true,Communication,false
1353,4298,CASE-2025-04298,20250929,20251003,2025-09-29T11:28:11,2025-10-03T15:08:25,3,3,true,Self-Service,false
1354,4300,CASE-2025-04300,20250923,20250930,2025-09-23T15:31:09,2025-09-30T15:40:31,4,4,true,Communication,false
1355,4309,CASE-2025-04309,20250925,20251003,2025-09-25T15:11:04,2025-10-03T09:46:18,4,3,false,Speed,false
1356,4312,CASE-2025-04312,20250925,20250929,2025-09-25T12:29:47,2025-09-29T15:05:11,3,3,true,Communication,false
1357,4315,CASE-2025-04315,20250926,20250930,2025-09-26T13:11:31,2025-09-30T13:24:05,5,4,true,Self-Service,false
1358,4317,CASE-2025-04317,20250930,20251003,2025-09-30T08:32:09,2025-10-03T14:48:33,4,4,true,Self-Service,false
1359,4334,CASE-2025-04334,20250929,20251001,2025-09-29T08:04:09,2025-10-01T10:21:09,4,4,true,Communication,false
1360,4336,CASE-2025-04336,20250930,20251001,2025-09-30T15:30:15,2025-10-01T13:59:45,3,3,true,Self-Service,false
1361,4338,CASE-2025-04338,20250930,20251003,2025-09-30T12:41:26,2025-10-03T13:15:33,3,2,true,Communication,false
1362,4347,CASE-2025-04347,20250926,20251002,2025-09-26T12:57:56,2025-10-02T09:49:16,5,5,true,Other,false
1363,4352,CASE-2025-04352,20250929,20250930,2025-09-29T08:24:34,2025-09-30T15:58:01,4,4,true,Other,false
1364,4358,CASE-2025-04358,20250929,20250930,2025-09-29T15:33:02,2025-09-30T11:59:08,5,5,true,Self-Service,false
1365,4359,CASE-2025-04359,20251002,20251008,2025-10-02T10:24:01,2025-10-08T12:56:06,4,3,true,Speed,false
1366,4361,CASE-2025-04361,20251003,20251006,2025-10-03T15:52:35,2025-10-06T15:05:11,4,3,true,Communication,false
1367,4362,CASE-2025-04362,20251002,20251009,2025-10-02T09:38:49,2025-10-09T11:14:28,3,3,true,Speed,false
1368,4366,CASE-2025-04366,20250930,20251003,2025-09-30T09:41:25,2025-10-03T15:36:18,4,4,true,Accuracy,false
1369,4369,CASE-2025-04369,20251003,20251006,2025-10-03T08:31:33,2025-10-06T10:56:48,4,3,true,Self-Service,false
1370,4374,CASE-2025-04374,20251007,20251007,2025-10-07T08:24:45,2025-10-07T12:40:57,2,2,false,Communication,true
1371,4375,CASE-2025-04375,20250929,20251001,2025-09-29T12:10:25,2025-10-01T08:20:26,3,4,true,Communication,false
1372,4379,CASE-2025-04379,20251002,20251006,2025-10-02T13:48:53,2025-10-06T08:07:56,4,4,true,Accuracy,false
1373,4380,CASE-2025-04380,20251001,20251002,2025-10-01T09:52:48,2025-10-02T09:34:16,4,4,true,Communication,false
1374,4399,CASE-2025-04399,20250930,20251003,2025-09-30T11:41:18,2025-10-03T13:21:14,3,4,false,Accuracy,false
1375,4401,CASE-2025-04401,20251006,20251008,2025-10-06T12:35:43,2025-10-08T14:10:07,3,2,true,Speed,false
1376,4403,CASE-2025-04403,20251003,20251013,2025-10-03T10:55:25,2025-10-13T10:47:29,3,4,false,Communication,false
1377,4406,CASE-2025-04406,20251001,20251006,2025-10-01T12:37:48,2025-10-06T15:46:07,4,4,true,Speed,false
1378,4409,CASE-2025-04409,20251002,20251006,2025-10-02T09:24:20,2025-10-06T11:06:02,4,4,false,Speed,false
1379,4413,CASE-2025-04413,20251003,20251010,2025-10-03T14:44:19,2025-10-10T12:57:27,4,3,true,Communication,false
1380,4415,CASE-2025-04415,20251002,20251008,2025-10-02T09:38:16,2025-10-08T09:23:25,3,3,true,Speed,false
1381,4417,CASE-2025-04417,20251010,20251016,2025-10-10T08:23:21,2025-10-16T09:03:47,3,3,true,Accuracy,false
1382,4420,CASE-2025-04420,20251003,20251007,2025-10-03T15:27:58,2025-10-07T13:43:23,4,4,true,Speed,false
1383,4422,CASE-2025-04422,20251006,20251010,2025-10-06T15:10:14,2025-10-10T08:26:09,4,5,true,Communication,false
1384,4425,CASE-2025-04425,20251001,20251002,2025-10-01T12:50:09,2025-10-02T10:12:28,5,5,true,Self-Service,false
1385,4428,CASE-2025-04428,20251002,20251008,2025-10-02T08:20:40,2025-10-08T10:49:34,4,5,true,Speed,false
1386,4435,CASE-2025-04435,20251007,20251009,2025-10-07T13:21:30,2025-10-09T14:06:40,5,5,true,Speed,false
1387,4436,CASE-2025-04436,20251007,20251008,2025-10-07T13:57:00,2025-10-08T09:26:03,4,4,true,Other,false
1388,4438,CASE-2025-04438,20251015,20251016,2025-10-15T09:15:44,2025-10-16T08:05:01,4,5,true,Speed,false
1389,4441,CASE-2025-04441,20251003,20251009,2025-10-03T12:39:36,2025-10-09T11:34:32,5,4,true,Communication,false
1390,4445,CASE-2025-04445,20251006,20251010,2025-10-06T11:04:18,2025-10-10T14:20:04,5,5,true,Accuracy,false
1391,4449,CASE-2025-04449,20251006,20251009,2025-10-06T13:17:09,2025-10-09T09:20:01,3,3,false,Communication,false
1392,4450,CASE-2025-04450,20251014,20251015,2025-10-14T08:39:45,2025-10-15T11:03:42,3,3,true,Speed,false
1393,4452,CASE-2025-04452,20251009,20251015,2025-10-09T11:15:45,2025-10-15T13:35:41,4,4,true,Speed,false
1394,4455,CASE-2025-04455,20251003,20251009,2025-10-03T15:15:24,2025-10-09T14:02:06,4,4,true,Communication,false
1395,4461,CASE-2025-04461,20251008,20251009,2025-10-08T09:10:07,2025-10-09T08:22:08,5,5,true,Accuracy,false
1396,4464,CASE-2025-04464,20251016,20251021,2025-10-16T14:44:10,2025-10-21T12:22:49,3,3,true,Accuracy,false
1397,4468,CASE-2025-04468,20251006,20251010,2025-10-06T15:48:54,2025-10-10T11:19:18,4,4,true,Speed,false
1398,4469,CASE-2025-04469,20251010,20251016,2025-10-10T09:21:05,2025-10-16T11:57:08,4,4,true,Communication,false
1399,4470,CASE-2025-04470,20251020,20251028,2025-10-20T14:18:45,2025-10-28T12:22:48,3,3,true,Speed,false
1400,4472,CASE-2025-04472,20251003,20251010,2025-10-03T12:04:40,2025-10-10T13:28:21,4,4,true,Self-Service,false
1401,4481,CASE-2025-04481,20251007,20251010,2025-10-07T09:30:16,2025-10-10T11:00:36,4,4,true,Accuracy,false
1402,4486,CASE-2025-04486,20251007,20251009,2025-10-07T09:28:39,2025-10-09T11:52:01,3,2,true,Communication,false
1403,4488,CASE-2025-04488,20251009,20251010,2025-10-09T11:24:57,2025-10-10T10:34:17,5,5,true,Self-Service,false
1404,4489,CASE-2025-04489,20251010,20251014,2025-10-10T08:25:33,2025-10-14T08:42:24,3,3,true,Speed,false
1405,4491,CASE-2025-04491,20251008,20251010,2025-10-08T08:53:47,2025-10-10T09:40:15,5,5,true,Other,false
1406,4515,CASE-2025-04515,20251010,20251020,2025-10-10T15:54:49,2025-10-20T11:54:42,4,4,true,Speed,false
1407,4516,CASE-2025-04516,20251013,20251017,2025-10-13T10:08:43,2025-10-17T08:58:29,4,5,true,Self-Service,false
1408,4518,CASE-2025-04518,20251014,20251015,2025-10-14T12:48:27,2025-10-15T14:45:06,4,5,true,Communication,false
1409,4520,CASE-2025-04520,20251008,20251014,2025-10-08T14:25:37,2025-10-14T15:31:13,3,4,false,Communication,false
1410,4521,CASE-2025-04521,20251014,20251017,2025-10-14T12:42:23,2025-10-17T14:28:07,2,2,false,Accuracy,true
1411,4525,CASE-2025-04525,20251013,20251020,2025-10-13T12:40:30,2025-10-20T11:57:10,4,4,true,Speed,false
1412,4531,CASE-2025-04531,20251010,20251014,2025-10-10T11:46:06,2025-10-14T14:52:06,4,4,true,Self-Service,false
1413,4532,CASE-2025-04532,20251014,20251015,2025-10-14T09:11:24,2025-10-15T10:07:40,4,3,true,Self-Service,false
1414,4533,CASE-2025-04533,20251015,20251021,2025-10-15T12:14:37,2025-10-21T10:08:22,4,3,true,Self-Service,false
1415,4538,CASE-2025-04538,20251008,20251014,2025-10-08T09:40:05,2025-10-14T14:48:10,4,4,true,Self-Service,false
1416,4544,CASE-2025-04544,20251014,20251021,2025-10-14T10:03:49,2025-10-21T12:31:57,4,3,false,Speed,false
1417,4545,CASE-2025-04545,20251014,20251015,2025-10-14T10:50:29,2025-10-15T13:03:54,5,4,true,Speed,false
1418,4549,CASE-2025-04549,20251014,20251016,2025-10-14T12:47:13,2025-10-16T09:36:11,4,4,true,Communication,false
1419,4550,CASE-2025-04550,20251009,20251017,2025-10-09T15:52:28,2025-10-17T14:00:21,4,5,true,Communication,false
1420,4554,CASE-2025-04554,20251020,20251024,2025-10-20T15:53:51,2025-10-24T11:19:39,3,4,true,Communication,false
1421,4556,CASE-2025-04556,20251015,20251017,2025-10-15T11:44:52,2025-10-17T08:13:44,3,3,true,Speed,false
1422,4557,CASE-2025-04557,20251009,20251014,2025-10-09T14:58:07,2025-10-14T08:18:47,5,5,true,Other,false
1423,4558,CASE-2025-04558,20251009,20251014,2025-10-09T15:02:14,2025-10-14T10:37:52,4,4,true,Accuracy,false
1424,4562,CASE-2025-04562,20251013,20251016,2025-10-13T10:19:13,2025-10-16T14:21:08,4,4,true,Accuracy,false
1425,4566,CASE-2025-04566,20251014,20251021,2025-10-14T13:29:25,2025-10-21T13:05:56,5,4,true,Accuracy,false
1426,4567,CASE-2025-04567,20251013,20251014,2025-10-13T08:42:18,2025-10-14T12:05:19,4,4,true,Other,false
1427,4571,CASE-2025-04571,20251010,20251014,2025-10-10T09:11:46,2025-10-14T10:08:01,4,5,true,Accuracy,false
1428,4572,CASE-2025-04572,20251009,20251010,2025-10-09T13:51:51,2025-10-10T15:11:34,5,4,true,Accuracy,false
1429,4575,CASE-2025-04575,20251010,20251017,2025-10-10T08:45:44,2025-10-17T09:35:14,4,4,true,Self-Service,false
1430,4579,CASE-2025-04579,20251016,20251023,2025-10-16T09:10:07,2025-10-23T12:44:20,4,4,true,Speed,false
1431,4580,CASE-2025-04580,20251014,20251016,2025-10-14T08:07:38,2025-10-16T08:52:15,4,4,true,Accuracy,false
1432,4588,CASE-2025-04588,20251016,20251021,2025-10-16T08:16:39,2025-10-21T08:48:35,4,4,true,Accuracy,false
1433,4591,CASE-2025-04591,20251013,20251015,2025-10-13T11:19:57,2025-10-15T15:57:09,4,4,true,Communication,false
1434,4598,CASE-2025-04598,20251017,20251021,2025-10-17T11:45:19,2025-10-21T10:17:51,3,3,true,Speed,false
1435,4601,CASE-2025-04601,20251015,20251023,2025-10-15T15:51:43,2025-10-23T10:35:03,3,4,false,Accuracy,false
1436,4604,CASE-2025-04604,20251014,20251015,2025-10-14T08:15:14,2025-10-15T15:59:09,4,4,true,Communication,false
1437,4608,CASE-2025-04608,20251014,20251015,2025-10-14T13:22:25,2025-10-15T11:34:17,5,4,true,Speed,false
1438,4610,CASE-2025-04610,20251016,20251020,2025-10-16T10:00:00,2025-10-20T09:01:26,3,3,true,Self-Service,false
1439,4613,CASE-2025-04613,20251020,20251021,2025-10-20T15:04:28,2025-10-21T15:33:00,4,4,true,Accuracy,false
1440,4617,CASE-2025-04617,20251014,20251016,2025-10-14T10:03:59,2025-10-16T12:55:47,5,5,true,Self-Service,false
1441,4619,CASE-2025-04619,20251017,20251020,2025-10-17T15:32:08,2025-10-20T10:39:41,5,5,true,Other,false
1442,4621,CASE-2025-04621,20251014,20251016,2025-10-14T13:20:49,2025-10-16T13:33:18,4,4,true,Speed,false
1443,4628,CASE-2025-04628,20251016,20251016,2025-10-16T09:41:16,2025-10-16T14:20:03,5,5,true,Speed,false
1444,4629,CASE-2025-04629,20251022,20251024,2025-10-22T09:29:09,2025-10-24T15:03:08,3,4,true,Communication,false
1445,4634,CASE-2025-04634,20251017,20251022,2025-10-17T15:44:09,2025-10-22T12:15:03,5,4,true,Self-Service,false
1446,4645,CASE-2025-04645,20251017,20251022,2025-10-17T14:41:48,2025-10-22T10:44:30,4,3,true,Communication,false
1447,4646,CASE-2025-04646,20251016,20251024,2025-10-16T13:07:38,2025-10-24T11:56:20,4,4,true,Speed,false
1448,4647,CASE-2025-04647,20251015,20251017,2025-10-15T10:10:18,2025-10-17T14:29:01,4,4,true,Speed,false
1449,4649,CASE-2025-04649,20251016,20251021,2025-10-16T15:16:13,2025-10-21T13:29:37,4,4,true,Self-Service,false
1450,4652,CASE-2025-04652,20251020,20251021,2025-10-20T11:21:15,2025-10-21T11:20:25,4,5,true,Communication,false
1451,4654,CASE-2025-04654,20251020,20251024,2025-10-20T11:54:53,2025-10-24T09:39:47,5,5,true,Speed,false
1452,4655,CASE-2025-04655,20251016,20251016,2025-10-16T11:33:54,2025-10-16T15:52:10,5,5,true,Communication,false
1453,4660,CASE-2025-04660,20251015,20251016,2025-10-15T11:45:03,2025-10-16T15:59:32,3,3,true,Communication,false
1454,4665,CASE-2025-04665,20251023,20251027,2025-10-23T12:05:34,2025-10-27T11:08:55,5,5,true,Speed,false
1455,4667,CASE-2025-04667,20251017,20251024,2025-10-17T08:02:55,2025-10-24T11:52:21,4,5,true,Accuracy,false
1456,4668,CASE-2025-04668,20251022,20251027,2025-10-22T08:48:56,2025-10-27T14:53:18,4,5,true,Accuracy,false
1457,4670,CASE-2025-04670,20251016,20251020,2025-10-16T15:29:30,2025-10-20T08:24:54,4,3,true,Speed,false
1458,4673,CASE-2025-04673,20251024,20251103,2025-10-24T12:43:21,2025-11-03T08:14:46,4,3,true,Accuracy,false
1459,4677,CASE-2025-04677,20251020,20251024,2025-10-20T08:51:25,2025-10-24T09:40:46,4,4,true,Communication,false
1460,4691,CASE-2025-04691,20251017,20251027,2025-10-17T15:07:33,2025-10-27T15:02:13,4,4,true,Self-Service,false
1461,4699,CASE-2025-04699,20251017,20251021,2025-10-17T09:51:13,2025-10-21T11:39:16,4,4,true,Communication,false
1462,4704,CASE-2025-04704,20251020,20251023,2025-10-20T15:09:54,2025-10-23T10:23:01,4,5,true,Communication,false
1463,4706,CASE-2025-04706,20251022,20251028,2025-10-22T09:45:03,2025-10-28T11:08:06,4,4,true,Accuracy,false
1464,4707,CASE-2025-04707,20251017,20251024,2025-10-17T15:40:06,2025-10-24T15:04:53,4,3,true,Communication,false
1465,4708,CASE-2025-04708,20251021,20251027,2025-10-21T08:49:56,2025-10-27T11:11:44,5,4,true,Speed,false
1466,4712,CASE-2025-04712,20251024,20251028,2025-10-24T08:38:44,2025-10-28T10:44:09,4,3,true,Speed,false
1467,4715,CASE-2025-04715,20251027,20251029,2025-10-27T08:29:44,2025-10-29T08:12:57,4,4,true,Communication,false
1468,4716,CASE-2025-04716,20251023,20251027,2025-10-23T13:09:25,2025-10-27T12:54:17,4,4,false,Speed,false
1469,4717,CASE-2025-04717,20251021,20251027,2025-10-21T10:34:31,2025-10-27T10:39:46,3,4,false,Speed,false
1470,4722,CASE-2025-04722,20251021,20251028,2025-10-21T15:05:19,2025-10-28T12:18:54,3,3,false,Speed,false
1471,4723,CASE-2025-04723,20251021,20251027,2025-10-21T08:13:02,2025-10-27T12:47:05,4,5,true,Communication,false
1472,4725,CASE-2025-04725,20251021,20251027,2025-10-21T12:40:15,2025-10-27T15:48:21,4,3,true,Accuracy,false
1473,4727,CASE-2025-04727,20251023,20251029,2025-10-23T14:00:33,2025-10-29T09:36:38,5,5,true,Self-Service,false
1474,4735,CASE-2025-04735,20251022,20251027,2025-10-22T12:28:01,2025-10-27T15:21:56,2,2,true,Communication,true
1475,4736,CASE-2025-04736,20251021,20251029,2025-10-21T11:39:21,2025-10-29T11:37:56,5,5,true,Communication,false
1476,4739,CASE-2025-04739,20251028,20251029,2025-10-28T09:01:43,2025-10-29T09:03:25,4,5,false,Communication,false
1477,4745,CASE-2025-04745,20251021,20251028,2025-10-21T12:37:30,2025-10-28T09:16:53,5,5,true,Other,false
1478,4748,CASE-2025-04748,20251022,20251024,2025-10-22T10:48:20,2025-10-24T08:32:35,4,4,true,Self-Service,false
1479,4750,CASE-2025-04750,20251022,20251028,2025-10-22T12:50:16,2025-10-28T15:53:28,4,4,true,Self-Service,false
1480,4753,CASE-2025-04753,20251027,20251104,2025-10-27T13:58:39,2025-11-04T10:55:59,4,4,true,Speed,false
1481,4755,CASE-2025-04755,20251023,20251028,2025-10-23T09:35:31,2025-10-28T11:00:26,5,5,true,Speed,false
1482,4757,CASE-2025-04757,20251021,20251027,2025-10-21T12:26:20,2025-10-27T11:47:25,5,5,true,Speed,false
1483,4762,CASE-2025-04762,20251024,20251028,2025-10-24T09:03:37,2025-10-28T09:24:43,3,3,true,Accuracy,false
1484,4763,CASE-2025-04763,20251024,20251029,2025-10-24T08:04:09,2025-10-29T13:36:47,4,3,true,Accuracy,false
1485,4764,CASE-2025-04764,20251104,20251112,2025-11-04T15:07:55,2025-11-12T12:17:09,4,4,false,Communication,false
1486,4765,CASE-2025-04765,20251023,20251030,2025-10-23T09:03:26,2025-10-30T12:23:20,4,4,true,Speed,false
1487,4767,CASE-2025-04767,20251104,20251107,2025-11-04T09:20:34,2025-11-07T08:17:48,4,5,true,Speed,false
1488,4768,CASE-2025-04768,20251023,20251029,2025-10-23T15:49:30,2025-10-29T14:29:00,5,5,true,Accuracy,false
1489,4772,CASE-2025-04772,20251029,20251031,2025-10-29T14:31:21,2025-10-31T08:04:30,3,3,true,Speed,false
1490,4773,CASE-2025-04773,20251027,20251028,2025-10-27T13:01:23,2025-10-28T14:08:04,4,4,true,Communication,false
1491,4778,CASE-2025-04778,20251027,20251030,2025-10-27T11:09:18,2025-10-30T10:16:25,5,5,true,Speed,false
1492,4786,CASE-2025-04786,20251022,20251029,2025-10-22T09:37:37,2025-10-29T10:13:38,5,5,true,Accuracy,false
1493,4791,CASE-2025-04791,20251024,20251029,2025-10-24T10:38:37,2025-10-29T08:55:39,5,5,true,Accuracy,false
1494,4792,CASE-2025-04792,20251024,20251030,2025-10-24T14:32:59,2025-10-30T09:29:54,5,5,true,Speed,false
1495,4795,CASE-2025-04795,20251024,20251029,2025-10-24T14:07:12,2025-10-29T10:00:42,4,5,true,Communication,false
1496,4802,CASE-2025-04802,20251023,20251031,2025-10-23T14:54:21,2025-10-31T09:19:25,4,4,true,Self-Service,false
1497,4803,CASE-2025-04803,20251028,20251029,2025-10-28T14:47:08,2025-10-29T09:20:07,5,5,true,Self-Service,false
1498,4804,CASE-2025-04804,20251028,20251105,2025-10-28T12:56:20,2025-11-05T09:18:49,3,3,true,Other,false
1499,4805,CASE-2025-04805,20251023,20251024,2025-10-23T15:00:29,2025-10-24T15:39:42,4,4,true,Communication,false
1500,4811,CASE-2025-04811,20251027,20251031,2025-10-27T09:36:21,2025-10-31T08:11:11,5,5,true,Communication,false
1501,4814,CASE-2025-04814,20251024,20251028,2025-10-24T14:09:18,2025-10-28T14:19:53,4,5,false,Accuracy,false
1502,4815,CASE-2025-04815,20251027,20251031,2025-10-27T08:07:21,2025-10-31T12:02:59,5,5,true,Communication,false
1503,4816,CASE-2025-04816,20251027,20251029,2025-10-27T11:25:30,2025-10-29T15:19:09,4,5,false,Accuracy,false
1504,4817,CASE-2025-04817,20251027,20251030,2025-10-27T14:58:56,2025-10-30T12:27:00,4,4,true,Communication,false
1505,4818,CASE-2025-04818,20251024,20251031,2025-10-24T10:25:39,2025-10-31T09:39:04,5,5,true,Communication,false
1506,4823,CASE-2025-04823,20251027,20251104,2025-10-27T09:54:29,2025-11-04T09:30:33,4,3,true,Communication,false
1507,4831,CASE-2025-04831,20251027,20251029,2025-10-27T15:24:00,2025-10-29T12:19:24,3,3,true,Other,false
1508,4837,CASE-2025-04837,20251103,20251104,2025-11-03T08:10:40,2025-11-04T09:01:24,4,4,true,Speed,false
1509,4838,CASE-2025-04838,20251027,20251103,2025-10-27T13:11:55,2025-11-03T12:22:16,4,4,true,Accuracy,false
1510,4847,CASE-2025-04847,20251107,20251111,2025-11-07T12:46:33,2025-11-11T12:02:33,4,3,true,Speed,false
1511,4848,CASE-2025-04848,20251107,20251112,2025-11-07T08:24:29,2025-11-12T11:39:20,3,3,true,Communication,false
1512,4852,CASE-2025-04852,20251027,20251030,2025-10-27T11:11:34,2025-10-30T11:51:21,3,3,true,Accuracy,false
1513,4857,CASE-2025-04857,20251103,20251107,2025-11-03T13:50:02,2025-11-07T09:42:11,4,4,true,Accuracy,false
1514,4865,CASE-2025-04865,20251031,20251104,2025-10-31T08:42:46,2025-11-04T12:04:32,4,4,true,Self-Service,false
1515,4866,CASE-2025-04866,20251030,20251106,2025-10-30T08:35:49,2025-11-06T09:56:30,4,3,true,Self-Service,false
1516,4867,CASE-2025-04867,20251104,20251111,2025-11-04T13:22:41,2025-11-11T08:41:26,3,3,true,Speed,false
1517,4870,CASE-2025-04870,20251103,20251105,2025-11-03T14:12:12,2025-11-05T08:25:44,4,3,true,Self-Service,false
1518,4871,CASE-2025-04871,20251105,20251110,2025-11-05T12:48:01,2025-11-10T11:39:14,4,4,false,Accuracy,false
1519,4873,CASE-2025-04873,20251029,20251031,2025-10-29T12:02:59,2025-10-31T08:49:54,3,3,true,Self-Service,false
1520,4880,CASE-2025-04880,20251029,20251103,2025-10-29T08:18:34,2025-11-03T13:06:54,4,4,true,Accuracy,false
1521,4885,CASE-2025-04885,20251029,20251106,2025-10-29T13:52:53,2025-11-06T12:41:35,4,4,true,Communication,false
1522,4890,CASE-2025-04890,20251031,20251103,2025-10-31T09:21:19,2025-11-03T13:06:45,4,4,true,Communication,false
1523,4891,CASE-2025-04891,20251031,20251107,2025-10-31T13:57:36,2025-11-07T10:51:05,5,5,true,Self-Service,false
1524,4894,CASE-2025-04894,20251103,20251110,2025-11-03T14:02:00,2025-11-10T10:45:17,4,3,false,Accuracy,false
1525,4909,CASE-2025-04909,20251030,20251105,2025-10-30T11:25:26,2025-11-05T15:21:41,5,5,true,Communication,false
1526,4921,CASE-2025-04921,20251103,20251105,2025-11-03T09:28:10,2025-11-05T15:25:47,3,3,true,Accuracy,false
1527,4922,CASE-2025-04922,20251104,20251107,2025-11-04T09:51:49,2025-11-07T09:50:25,3,4,false,Accuracy,false
1528,4923,CASE-2025-04923,20251104,20251105,2025-11-04T11:53:17,2025-11-05T13:14:11,3,3,true,Speed,false
1529,4927,CASE-2025-04927,20251103,20251105,2025-11-03T15:07:55,2025-11-05T14:43:57,3,3,true,Speed,false
1530,4935,CASE-2025-04935,20251107,20251111,2025-11-07T11:36:30,2025-11-11T10:36:43,3,4,false,Communication,false
1531,4941,CASE-2025-04941,20251105,20251110,2025-11-05T14:36:26,2025-11-10T14:48:28,4,5,true,Speed,false
1532,4942,CASE-2025-04942,20251031,20251106,2025-10-31T15:18:40,2025-11-06T10:31:13,4,4,false,Communication,false
1533,4950,CASE-2025-04950,20251103,20251110,2025-11-03T09:59:46,2025-11-10T13:06:20,3,3,true,Self-Service,false
1534,4954,CASE-2025-04954,20251031,20251105,2025-10-31T12:08:49,2025-11-05T09:08:46,3,3,true,Speed,false
1535,4956,CASE-2025-04956,20251106,20251113,2025-11-06T14:46:07,2025-11-13T15:34:59,5,5,true,Communication,false
1536,4957,CASE-2025-04957,20251104,20251106,2025-11-04T09:37:23,2025-11-06T13:44:49,4,4,true,Self-Service,false
1537,4961,CASE-2025-04961,20251110,20251113,2025-11-10T10:46:14,2025-11-13T15:05:49,3,4,true,Speed,false
1538,4962,CASE-2025-04962,20251105,20251112,2025-11-05T12:54:06,2025-11-12T12:19:21,5,4,true,Speed,false
1539,4965,CASE-2025-04965,20251104,20251106,2025-11-04T09:40:30,2025-11-06T10:46:58,3,3,false,Other,false
1540,4966,CASE-2025-04966,20251103,20251105,2025-11-03T13:35:48,2025-11-05T12:00:33,5,5,true,Communication,false
1541,4968,CASE-2025-04968,20251105,20251110,2025-11-05T09:49:24,2025-11-10T10:47:04,4,4,true,Accuracy,false
1542,4971,CASE-2025-04971,20251103,20251104,2025-11-03T08:36:24,2025-11-04T10:26:56,5,5,true,Communication,false
1543,4976,CASE-2025-04976,20251103,20251106,2025-11-03T10:34:04,2025-11-06T11:06:47,3,3,true,Accuracy,false
1544,4979,CASE-2025-04979,20251105,20251110,2025-11-05T13:12:07,2025-11-10T11:58:45,4,4,true,Speed,false
1545,4980,CASE-2025-04980,20251103,20251105,2025-11-03T11:24:05,2025-11-05T08:59:07,4,4,false,Speed,false
1546,4983,CASE-2025-04983,20251104,20251106,2025-11-04T10:18:28,2025-11-06T13:14:56,4,5,true,Communication,false
1547,4987,CASE-2025-04987,20251104,20251105,2025-11-04T10:05:47,2025-11-05T08:19:33,5,5,true,Self-Service,false
1548,4991,CASE-2025-04991,20251105,20251106,2025-11-05T14:11:34,2025-11-06T14:50:55,4,3,true,Communication,false
1549,4994,CASE-2025-04994,20251105,20251113,2025-11-05T09:53:45,2025-11-13T08:10:04,4,4,true,Speed,false
1550,4995,CASE-2025-04995,20251105,20251111,2025-11-05T10:03:27,2025-11-11T14:14:54,4,3,true,Communication,false
1551,5000,CASE-2025-05000,20251112,20251120,2025-11-12T09:40:45,2025-11-20T13:23:59,5,5,true,Speed,false
1552,5001,CASE-2025-05001,20251114,20251119,2025-11-14T11:55:27,2025-11-19T10:17:47,4,4,true,Communication,false
1553,5005,CASE-2025-05005,20251105,20251112,2025-11-05T14:34:38,2025-11-12T15:47:08,3,2,true,Communication,false
1554,5011,CASE-2025-05011,20251106,20251112,2025-11-06T12:24:31,2025-11-12T10:40:47,4,4,true,Self-Service,false
1555,5012,CASE-2025-05012,20251104,20251112,2025-11-04T14:58:55,2025-11-12T12:35:53,4,4,true,Accuracy,false
1556,5013,CASE-2025-05013,20251105,20251111,2025-11-05T12:34:26,2025-11-11T14:28:35,4,4,true,Speed,false
1557,5016,CASE-2025-05016,20251106,20251107,2025-11-06T09:27:17,2025-11-07T08:05:38,4,4,true,Self-Service,false
1558,5021,CASE-2025-05021,20251118,20251124,2025-11-18T08:49:35,2025-11-24T08:53:16,5,5,true,Speed,false
1559,5024,CASE-2025-05024,20251106,20251110,2025-11-06T14:16:10,2025-11-10T13:15:22,3,4,true,Speed,false
1560,5029,CASE-2025-05029,20251105,20251107,2025-11-05T13:03:42,2025-11-07T14:53:45,5,5,true,Other,false
1561,5031,CASE-2025-05031,20251105,20251106,2025-11-05T15:24:27,2025-11-06T10:22:10,3,3,false,Accuracy,false
1562,5033,CASE-2025-05033,20251106,20251110,2025-11-06T11:17:40,2025-11-10T08:21:14,4,4,true,Self-Service,false
1563,5036,CASE-2025-05036,20251113,20251114,2025-11-13T13:40:03,2025-11-14T15:19:46,3,3,true,Self-Service,false
1564,5039,CASE-2025-05039,20251110,20251118,2025-11-10T13:41:12,2025-11-18T12:43:58,4,5,true,Speed,false
1565,5041,CASE-2025-05041,20251118,20251120,2025-11-18T13:03:00,2025-11-20T11:35:55,2,3,false,Communication,true
1566,5045,CASE-2025-05045,20251106,20251112,2025-11-06T08:54:20,2025-11-12T11:47:32,5,5,true,Self-Service,false
1567,5047,CASE-2025-05047,20251107,20251111,2025-11-07T12:04:04,2025-11-11T09:02:50,4,4,true,Self-Service,false
1568,5050,CASE-2025-05050,20251111,20251112,2025-11-11T10:02:27,2025-11-12T08:18:55,5,5,true,Accuracy,false
1569,5052,CASE-2025-05052,20251106,20251106,2025-11-06T09:19:41,2025-11-06T11:43:20,3,4,true,Accuracy,false
1570,5054,CASE-2025-05054,20251107,20251118,2025-11-07T13:30:54,2025-11-18T13:03:18,5,4,true,Speed,false
1571,5056,CASE-2025-05056,20251107,20251113,2025-11-07T11:20:58,2025-11-13T10:49:25,4,4,true,Communication,false
1572,5057,CASE-2025-05057,20251107,20251113,2025-11-07T15:00:32,2025-11-13T14:33:58,4,5,true,Accuracy,false
1573,5058,CASE-2025-05058,20251106,20251110,2025-11-06T14:56:34,2025-11-10T10:14:20,4,4,false,Communication,false
1574,5059,CASE-2025-05059,20251111,20251112,2025-11-11T11:39:31,2025-11-12T09:31:05,5,5,true,Accuracy,false
1575,5061,CASE-2025-05061,20251106,20251111,2025-11-06T11:31:32,2025-11-11T08:12:58,4,4,true,Speed,false
1576,5065,CASE-2025-05065,20251112,20251120,2025-11-12T10:02:27,2025-11-20T11:02:02,5,5,true,Other,false
1577,5071,CASE-2025-05071,20251126,20251128,2025-11-26T14:06:49,2025-11-28T15:55:23,4,4,true,Speed,false
1578,5074,CASE-2025-05074,20251111,20251113,2025-11-11T14:59:28,2025-11-13T10:03:49,3,3,false,Accuracy,false
1579,5077,CASE-2025-05077,20251120,20251120,2025-11-20T09:02:42,2025-11-20T15:03:01,4,3,true,Communication,false
1580,5080,CASE-2025-05080,20251106,20251112,2025-11-06T13:23:06,2025-11-12T13:16:59,3,3,true,Accuracy,false
1581,5082,CASE-2025-05082,20251107,20251110,2025-11-07T15:54:39,2025-11-10T10:36:47,5,5,true,Communication,false
1582,5097,CASE-2025-05097,20251111,20251112,2025-11-11T08:45:20,2025-11-12T10:47:03,5,4,true,Self-Service,false
1583,5099,CASE-2025-05099,20251112,20251118,2025-11-12T10:04:14,2025-11-18T14:03:08,3,3,true,Speed,false
1584,5100,CASE-2025-05100,20251111,20251118,2025-11-11T12:45:22,2025-11-18T12:50:02,4,4,true,Self-Service,false
1585,5102,CASE-2025-05102,20251110,20251111,2025-11-10T14:37:58,2025-11-11T13:46:10,4,5,true,Communication,false
1586,5108,CASE-2025-05108,20251118,20251125,2025-11-18T14:06:59,2025-11-25T10:34:00,3,3,true,Speed,false
1587,5112,CASE-2025-05112,20251111,20251114,2025-11-11T12:29:29,2025-11-14T08:18:19,4,4,false,Speed,false
1588,5118,CASE-2025-05118,20251113,20251118,2025-11-13T13:12:55,2025-11-18T09:07:11,3,2,true,Speed,false
1589,5123,CASE-2025-05123,20251112,20251114,2025-11-12T10:48:06,2025-11-14T11:39:57,4,3,true,Speed,false
1590,5124,CASE-2025-05124,20251111,20251119,2025-11-11T09:15:53,2025-11-19T12:32:43,4,4,true,Accuracy,false
1591,5125,CASE-2025-05125,20251112,20251120,2025-11-12T09:21:23,2025-11-20T14:55:21,4,4,true,Self-Service,false
1592,5129,CASE-2025-05129,20251112,20251113,2025-11-12T10:38:26,2025-11-13T12:25:02,4,5,true,Other,false
1593,5135,CASE-2025-05135,20251112,20251120,2025-11-12T11:49:56,2025-11-20T14:33:33,4,4,true,Communication,false
1594,5138,CASE-2025-05138,20251119,20251119,2025-11-19T11:54:29,2025-11-19T15:40:01,4,5,true,Self-Service,false
1595,5146,CASE-2025-05146,20251114,20251118,2025-11-14T14:13:26,2025-11-18T10:56:11,5,5,true,Other,false
1596,5147,CASE-2025-05147,20251120,20251121,2025-11-20T10:28:24,2025-11-21T15:41:39,3,3,false,Accuracy,false
1597,5149,CASE-2025-05149,20251124,20251201,2025-11-24T09:48:57,2025-12-01T15:06:22,3,2,true,Accuracy,false
1598,5151,CASE-2025-05151,20251111,20251114,2025-11-11T13:50:59,2025-11-14T13:03:15,4,4,true,Communication,false
1599,5155,CASE-2025-05155,20251113,20251119,2025-11-13T15:05:21,2025-11-19T15:53:57,4,5,true,Communication,false
1600,5156,CASE-2025-05156,20251114,20251121,2025-11-14T11:30:29,2025-11-21T15:50:17,4,4,true,Self-Service,false
1601,5168,CASE-2025-05168,20251114,20251118,2025-11-14T11:26:35,2025-11-18T13:29:41,4,4,true,Speed,false
1602,5169,CASE-2025-05169,20251119,20251125,2025-11-19T09:36:14,2025-11-25T10:24:27,4,4,true,Communication,false
1603,5173,CASE-2025-05173,20251114,20251119,2025-11-14T09:22:18,2025-11-19T13:50:10,3,3,true,Communication,false
1604,5174,CASE-2025-05174,20251119,20251127,2025-11-19T09:30:56,2025-11-27T08:04:55,2,2,false,Self-Service,true
1605,5177,CASE-2025-05177,20251118,20251125,2025-11-18T09:22:12,2025-11-25T12:45:02,4,4,true,Speed,false
1606,5178,CASE-2025-05178,20251118,20251120,2025-11-18T11:45:40,2025-11-20T08:49:11,3,4,false,Speed,false
1607,5181,CASE-2025-05181,20251119,20251126,2025-11-19T08:10:10,2025-11-26T15:57:44,4,4,true,Communication,false
1608,5187,CASE-2025-05187,20251124,20251125,2025-11-24T14:01:11,2025-11-25T08:32:00,5,4,true,Accuracy,false
1609,5195,CASE-2025-05195,20251118,20251119,2025-11-18T08:06:00,2025-11-19T14:33:08,4,4,true,Speed,false
1610,5200,CASE-2025-05200,20251114,20251125,2025-11-14T12:56:10,2025-11-25T11:53:11,4,4,true,Accuracy,false
1611,5202,CASE-2025-05202,20251120,20251124,2025-11-20T15:49:11,2025-11-24T13:10:06,4,4,true,Speed,false
1612,5209,CASE-2025-05209,20251119,20251124,2025-11-19T08:34:39,2025-11-24T08:47:00,4,4,true,Speed,false
1613,5211,CASE-2025-05211,20251119,20251125,2025-11-19T14:03:27,2025-11-25T12:55:04,5,5,true,Speed,false
1614,5212,CASE-2025-05212,20251119,20251120,2025-11-19T10:26:29,2025-11-20T11:05:36,5,5,true,Accuracy,false
1615,5213,CASE-2025-05213,20251118,20251121,2025-11-18T15:29:12,2025-11-21T09:23:33,4,4,true,Other,false
1616,5216,CASE-2025-05216,20251119,20251127,2025-11-19T15:09:13,2025-11-27T09:36:38,4,3,true,Accuracy,false
1617,5217,CASE-2025-05217,20251120,20251125,2025-11-20T15:55:57,2025-11-25T08:22:25,4,4,true,Communication,false
1618,5220,CASE-2025-05220,20251119,20251124,2025-11-19T13:57:09,2025-11-24T08:58:31,4,4,true,Speed,false
1619,5230,CASE-2025-05230,20251119,20251121,2025-11-19T12:30:11,2025-11-21T10:29:43,4,4,true,Self-Service,false
1620,5232,CASE-2025-05232,20251121,20251125,2025-11-21T11:17:57,2025-11-25T14:38:30,3,3,true,Self-Service,false
1621,5233,CASE-2025-05233,20251119,20251125,2025-11-19T10:40:53,2025-11-25T08:17:38,3,3,false,Communication,false
1622,5237,CASE-2025-05237,20251119,20251126,2025-11-19T09:30:47,2025-11-26T11:03:55,4,4,true,Other,false
1623,5239,CASE-2025-05239,20251120,20251128,2025-11-20T11:54:51,2025-11-28T08:38:59,5,4,true,Communication,false
1624,5240,CASE-2025-05240,20251120,20251121,2025-11-20T14:53:48,2025-11-21T11:39:54,4,3,true,Speed,false
1625,5242,CASE-2025-05242,20251120,20251125,2025-11-20T10:42:10,2025-11-25T12:11:33,4,3,true,Communication,false
1626,5243,CASE-2025-05243,20251121,20251126,2025-11-21T09:18:39,2025-11-26T15:06:44,4,4,true,Speed,false
1627,5246,CASE-2025-05246,20251120,20251126,2025-11-20T09:43:39,2025-11-26T11:46:35,4,4,true,Other,false
1628,5247,CASE-2025-05247,20251125,20251201,2025-11-25T11:35:15,2025-12-01T14:37:02,4,4,true,Speed,false
1629,5248,CASE-2025-05248,20251118,20251119,2025-11-18T14:03:37,2025-11-19T12:18:36,4,4,true,Speed,false
1630,5253,CASE-2025-05253,20251119,20251127,2025-11-19T15:45:28,2025-11-27T11:25:42,5,4,true,Other,false
1631,5255,CASE-2025-05255,20251125,20251202,2025-11-25T09:41:15,2025-12-02T08:28:54,5,5,true,Communication,false
1632,5261,CASE-2025-05261,20251119,20251125,2025-11-19T15:55:41,2025-11-25T13:51:37,4,4,true,Accuracy,false
1633,5263,CASE-2025-05263,20251127,20251203,2025-11-27T10:40:29,2025-12-03T10:37:50,4,4,true,Accuracy,false
1634,5283,CASE-2025-05283,20251120,20251124,2025-11-20T11:03:54,2025-11-24T09:44:34,4,3,false,Other,false
1635,5286,CASE-2025-05286,20251121,20251125,2025-11-21T08:01:29,2025-11-25T15:01:17,3,4,false,Self-Service,false
1636,5291,CASE-2025-05291,20251124,20251128,2025-11-24T08:41:00,2025-11-28T12:10:28,4,4,true,Speed,false
1637,5293,CASE-2025-05293,20251124,20251128,2025-11-24T10:49:57,2025-11-28T14:26:51,4,5,false,Speed,false
1638,5296,CASE-2025-05296,20251125,20251127,2025-11-25T13:50:00,2025-11-27T08:50:33,4,4,true,Speed,false
1639,5304,CASE-2025-05304,20251125,20251202,2025-11-25T08:54:47,2025-12-02T13:33:29,5,5,true,Speed,false
1640,5308,CASE-2025-05308,20251125,20251128,2025-11-25T13:59:42,2025-11-28T11:18:31,4,4,false,Self-Service,false
1641,5309,CASE-2025-05309,20251208,20251210,2025-12-08T15:41:26,2025-12-10T12:06:45,3,2,false,Communication,false
1642,5312,CASE-2025-05312,20251125,20251202,2025-11-25T15:50:04,2025-12-02T08:49:26,4,3,false,Accuracy,false
1643,5313,CASE-2025-05313,20251124,20251127,2025-11-24T11:19:58,2025-11-27T09:40:31,4,5,true,Accuracy,false
1644,5316,CASE-2025-05316,20251127,20251201,2025-11-27T13:39:54,2025-12-01T15:25:05,4,4,true,Speed,false
1645,5317,CASE-2025-05317,20251124,20251128,2025-11-24T14:29:01,2025-11-28T10:08:26,4,4,true,Communication,false
1646,5323,CASE-2025-05323,20251124,20251124,2025-11-24T08:32:50,2025-11-24T11:20:14,3,2,true,Self-Service,false
1647,5326,CASE-2025-05326,20251124,20251128,2025-11-24T10:18:58,2025-11-28T11:02:35,5,5,true,Self-Service,false
1648,5327,CASE-2025-05327,20251124,20251125,2025-11-24T09:36:02,2025-11-25T15:59:52,4,4,true,Self-Service,false
1649,5328,CASE-2025-05328,20251124,20251201,2025-11-24T12:24:57,2025-12-01T12:51:14,4,4,false,Communication,false
1650,5335,CASE-2025-05335,20251124,20251126,2025-11-24T08:28:12,2025-11-26T12:08:19,4,4,true,Accuracy,false
1651,5336,CASE-2025-05336,20251127,20251203,2025-11-27T13:08:46,2025-12-03T08:41:36,4,4,true,Communication,false
1652,5339,CASE-2025-05339,20251127,20251203,2025-11-27T09:27:09,2025-12-03T14:47:29,4,4,true,Accuracy,false
1653,5350,CASE-2025-05350,20251125,20251202,2025-11-25T10:05:03,2025-12-02T15:49:54,5,5,true,Accuracy,false
1654,5354,CASE-2025-05354,20251125,20251201,2025-11-25T11:58:27,2025-12-01T08:01:47,4,4,false,Accuracy,false
1655,5357,CASE-2025-05357,20251124,20251125,2025-11-24T12:12:10,2025-11-25T13:56:26,4,5,false,Other,false
1656,5360,CASE-2025-05360,20251126,20251127,2025-11-26T08:38:25,2025-11-27T14:04:11,5,5,true,Communication,false
1657,5364,CASE-2025-05364,20251202,20251205,2025-12-02T10:00:08,2025-12-05T15:18:15,3,4,true,Speed,false
1658,5366,CASE-2025-05366,20251126,20251203,2025-11-26T09:45:04,2025-12-03T08:28:26,4,4,true,Accuracy,false
1659,5372,CASE-2025-05372,20251201,20251204,2025-12-01T15:14:47,2025-12-04T09:54:35,3,3,true,Speed,false
1660,5375,CASE-2025-05375,20251126,20251201,2025-11-26T11:10:27,2025-12-01T09:45:09,4,3,false,Other,false
1661,5376,CASE-2025-05376,20251127,20251127,2025-11-27T08:21:55,2025-11-27T15:36:40,5,5,true,Speed,false
1662,5384,CASE-2025-05384,20251127,20251203,2025-11-27T13:06:03,2025-12-03T12:17:08,4,4,true,Speed,false
1663,5388,CASE-2025-05388,20251203,20251208,2025-12-03T08:51:01,2025-12-08T08:16:25,2,2,false,Accuracy,true
1664,5391,CASE-2025-05391,20251202,20251205,2025-12-02T11:04:30,2025-12-05T12:15:39,3,3,true,Accuracy,false
1665,5399,CASE-2025-05399,20251128,20251205,2025-11-28T09:07:49,2025-12-05T09:00:12,4,4,true,Accuracy,false
1666,5400,CASE-2025-05400,20251128,20251202,2025-11-28T10:35:40,2025-12-02T12:04:11,5,4,true,Communication,false
1667,5405,CASE-2025-05405,20251127,20251203,2025-11-27T13:59:07,2025-12-03T15:55:39,4,4,true,Self-Service,false
1668,5408,CASE-2025-05408,20251127,20251203,2025-11-27T12:11:16,2025-12-03T09:48:43,5,5,true,Communication,false
1669,5410,CASE-2025-05410,20251202,20251208,2025-12-02T12:56:35,2025-12-08T13:54:27,4,4,true,Speed,false
1670,5411,CASE-2025-05411,20251128,20251203,2025-11-28T15:28:10,2025-12-03T08:10:14,4,5,true,Accuracy,false
1671,5412,CASE-2025-05412,20251128,20251202,2025-11-28T12:16:04,2025-12-02T08:38:35,3,3,true,Accuracy,false
1672,5415,CASE-2025-05415,20251201,20251204,2025-12-01T13:02:35,2025-12-04T14:07:09,4,4,false,Speed,false
1673,5417,CASE-2025-05417,20251127,20251201,2025-11-27T15:21:37,2025-12-01T10:34:40,3,4,true,Speed,false
1674,5422,CASE-2025-05422,20251201,20251205,2025-12-01T09:23:00,2025-12-05T15:57:20,5,5,true,Other,false
1675,5427,CASE-2025-05427,20251128,20251128,2025-11-28T10:32:20,2025-11-28T14:06:57,4,5,true,Communication,false
1676,5428,CASE-2025-05428,20251201,20251208,2025-12-01T11:47:08,2025-12-08T08:08:47,5,5,true,Communication,false
1677,5432,CASE-2025-05432,20251127,20251201,2025-11-27T14:23:14,2025-12-01T10:54:26,4,4,true,Communication,false
1678,5450,CASE-2025-05450,20251202,20251209,2025-12-02T15:18:48,2025-12-09T13:48:26,3,3,true,Speed,false
1679,5456,CASE-2025-05456,20251201,20251203,2025-12-01T13:00:52,2025-12-03T09:38:50,3,4,true,Communication,false
1680,5464,CASE-2025-05464,20251203,20251204,2025-12-03T08:17:40,2025-12-04T15:09:41,4,3,true,Speed,false
1681,5465,CASE-2025-05465,20251202,20251205,2025-12-02T13:49:59,2025-12-05T09:23:14,4,5,true,Accuracy,false
1682,5468,CASE-2025-05468,20251202,20251203,2025-12-02T08:08:01,2025-12-03T10:59:42,4,5,true,Speed,false
1683,5471,CASE-2025-05471,20251203,20251208,2025-12-03T15:16:08,2025-12-08T14:19:22,4,3,false,Speed,false
1684,5472,CASE-2025-05472,20251203,20251205,2025-12-03T11:32:37,2025-12-05T15:25:25,4,4,true,Accuracy,false
1685,5474,CASE-2025-05474,20251205,20251212,2025-12-05T14:52:21,2025-12-12T13:38:40,3,3,false,Communication,false
1686,5478,CASE-2025-05478,20251215,20251217,2025-12-15T13:57:50,2025-12-17T10:05:09,3,4,false,Communication,false
1687,5479,CASE-2025-05479,20251208,20251209,2025-12-08T12:14:35,2025-12-09T15:31:22,4,5,true,Self-Service,false
1688,5480,CASE-2025-05480,20251202,20251204,2025-12-02T13:30:44,2025-12-04T12:33:53,4,3,true,Communication,false
1689,5482,CASE-2025-05482,20251202,20251209,2025-12-02T12:31:57,2025-12-09T13:22:37,4,4,true,Speed,false
1690,5483,CASE-2025-05483,20251204,20251205,2025-12-04T13:30:24,2025-12-05T11:12:49,5,5,true,Self-Service,false
1691,5485,CASE-2025-05485,20251204,20251209,2025-12-04T11:10:24,2025-12-09T12:15:32,3,4,true,Communication,false
1692,5491,CASE-2025-05491,20251202,20251208,2025-12-02T15:09:38,2025-12-08T14:41:17,3,4,true,Speed,false
1693,5493,CASE-2025-05493,20251212,20251218,2025-12-12T09:09:22,2025-12-18T12:39:17,4,4,true,Speed,false
1694,5494,CASE-2025-05494,20251203,20251211,2025-12-03T11:52:58,2025-12-11T08:08:16,4,5,true,Speed,false
1695,5497,CASE-2025-05497,20251204,20251209,2025-12-04T11:52:09,2025-12-09T09:02:37,4,4,false,Accuracy,false
1696,5500,CASE-2025-05500,20251203,20251208,2025-12-03T15:26:33,2025-12-08T12:38:32,5,4,true,Self-Service,false
1697,5501,CASE-2025-05501,20251204,20251209,2025-12-04T12:48:10,2025-12-09T08:30:17,4,5,true,Accuracy,false
1698,5503,CASE-2025-05503,20251202,20251210,2025-12-02T14:22:08,2025-12-10T09:28:53,5,5,true,Communication,false
1699,5508,CASE-2025-05508,20251203,20251211,2025-12-03T14:56:45,2025-12-11T11:06:18,4,5,true,Speed,false
1700,5509,CASE-2025-05509,20251208,20251215,2025-12-08T13:58:16,2025-12-15T14:27:24,3,3,true,Speed,false
1701,5512,CASE-2025-05512,20251203,20251208,2025-12-03T10:27:46,2025-12-08T09:04:50,4,4,true,Accuracy,false
1702,5516,CASE-2025-05516,20251209,20251216,2025-12-09T15:07:41,2025-12-16T11:32:16,4,4,false,Self-Service,false
1703,5518,CASE-2025-05518,20251204,20251208,2025-12-04T12:28:36,2025-12-08T09:52:54,4,5,true,Speed,false
1704,5522,CASE-2025-05522,20251204,20251210,2025-12-04T15:34:59,2025-12-10T10:03:01,4,4,true,Speed,false
1705,5524,CASE-2025-05524,20251203,20251204,2025-12-03T12:03:51,2025-12-04T14:41:33,4,5,true,Communication,false
1706,5526,CASE-2025-05526,20251208,20251209,2025-12-08T15:53:01,2025-12-09T13:21:19,3,3,true,Speed,false
1707,5536,CASE-2025-05536,20251205,20251212,2025-12-05T12:57:34,2025-12-12T09:39:40,5,5,true,Other,false
1708,5537,CASE-2025-05537,20251208,20251216,2025-12-08T12:17:23,2025-12-16T11:23:56,5,4,true,Self-Service,false
1709,5538,CASE-2025-05538,20251205,20251205,2025-12-05T12:07:39,2025-12-05T15:06:41,5,5,true,Self-Service,false
1710,5539,CASE-2025-05539,20251210,20251216,2025-12-10T09:43:50,2025-12-16T11:17:29,5,5,true,Speed,false
1711,5541,CASE-2025-05541,20251208,20251216,2025-12-08T11:39:31,2025-12-16T10:33:49,4,4,true,Accuracy,false
1712,5542,CASE-2025-05542,20251210,20251216,2025-12-10T13:13:56,2025-12-16T14:41:19,4,5,true,Self-Service,false
1713,5546,CASE-2025-05546,20251211,20251219,2025-12-11T15:53:28,2025-12-19T14:24:45,5,5,false,Self-Service,false
1714,5547,CASE-2025-05547,20251210,20251211,2025-12-10T11:31:27,2025-12-11T15:50:40,4,3,true,Communication,false
1715,5549,CASE-2025-05549,20251216,20251218,2025-12-16T14:09:11,2025-12-18T09:55:10,3,3,false,Speed,false
1716,5550,CASE-2025-05550,20251210,20251218,2025-12-10T13:41:12,2025-12-18T10:41:54,5,4,true,Communication,false
1717,5551,CASE-2025-05551,20251216,20251223,2025-12-16T09:12:58,2025-12-23T14:53:16,3,3,true,Accuracy,false
1718,5552,CASE-2025-05552,20251209,20251210,2025-12-09T15:37:24,2025-12-10T13:57:01,3,3,true,Accuracy,false
1719,5554,CASE-2025-05554,20251212,20251217,2025-12-12T15:59:49,2025-12-17T11:55:26,3,2,false,Speed,false
1720,5562,CASE-2025-05562,20251218,20251223,2025-12-18T10:10:06,2025-12-23T11:09:32,4,4,true,Communication,false
1721,5565,CASE-2025-05565,20251211,20251216,2025-12-11T13:23:45,2025-12-16T14:14:58,4,4,true,Communication,false
1722,5567,CASE-2025-05567,20251212,20251219,2025-12-12T10:20:16,2025-12-19T10:14:16,5,5,true,Other,false
1723,5569,CASE-2025-05569,20251211,20251219,2025-12-11T10:18:30,2025-12-19T08:11:08,3,3,true,Accuracy,false
1724,5573,CASE-2025-05573,20251209,20251212,2025-12-09T14:27:41,2025-12-12T15:55:49,4,4,true,Communication,false
1725,5576,CASE-2025-05576,20251210,20251217,2025-12-10T14:58:37,2025-12-17T10:40:00,4,4,true,Speed,false
1726,5578,CASE-2025-05578,20251216,20251218,2025-12-16T12:57:32,2025-12-18T14:47:51,4,4,true,Speed,false
1727,5583,CASE-2025-05583,20251209,20251215,2025-12-09T08:22:33,2025-12-15T10:03:22,5,5,true,Accuracy,false
1728,5585,CASE-2025-05585,20251210,20251212,2025-12-10T15:52:30,2025-12-12T12:27:30,5,5,true,Communication,false
1729,5598,CASE-2025-05598,20251209,20251211,2025-12-09T15:17:18,2025-12-11T08:45:11,5,5,true,Speed,false
1730,5599,CASE-2025-05599,20251210,20251212,2025-12-10T10:48:32,2025-12-12T15:35:35,4,3,true,Accuracy,false
1731,5600,CASE-2025-05600,20251217,20251223,2025-12-17T13:21:48,2025-12-23T13:39:26,4,5,true,Speed,false
1732,5611,CASE-2025-05611,20251212,20251215,2025-12-12T15:29:51,2025-12-15T12:30:45,3,3,true,Accuracy,false
1733,5612,CASE-2025-05612,20251215,20251217,2025-12-15T08:42:50,2025-12-17T15:39:17,3,3,false,Accuracy,false
1734,5614,CASE-2025-05614,20251210,20251216,2025-12-10T10:44:37,2025-12-16T13:24:59,4,4,false,Accuracy,false
1735,5618,CASE-2025-05618,20251211,20251216,2025-12-11T08:43:44,2025-12-16T08:31:09,4,4,false,Other,false
1736,5619,CASE-2025-05619,20251211,20251212,2025-12-11T09:27:55,2025-12-12T11:19:02,4,4,false,Other,false
1737,5623,CASE-2025-05623,20251217,20251223,2025-12-17T15:21:09,2025-12-23T15:30:59,3,3,true,Communication,false
1738,5624,CASE-2025-05624,20251219,20251230,2025-12-19T10:03:06,2025-12-30T08:12:46,4,4,true,Speed,false
1739,5625,CASE-2025-05625,20251212,20251218,2025-12-12T13:58:46,2025-12-18T09:17:37,3,3,true,Accuracy,false
1740,5632,CASE-2025-05632,20251216,20251218,2025-12-16T14:44:27,2025-12-18T12:59:07,3,3,false,Self-Service,false
1741,5642,CASE-2025-05642,20251217,20251219,2025-12-17T11:09:14,2025-12-19T12:24:04,3,3,false,Self-Service,false
1742,5649,CASE-2025-05649,20251215,20251216,2025-12-15T13:34:23,2025-12-16T13:55:03,4,5,false,Accuracy,false
1743,5650,CASE-2025-05650,20251217,20251222,2025-12-17T09:19:58,2025-12-22T14:08:26,4,4,true,Accuracy,false
1744,5656,CASE-2025-05656,20251217,20251217,2025-12-17T10:42:48,2025-12-17T15:42:25,4,4,true,Communication,false
1745,5657,CASE-2025-05657,20251217,20251219,2025-12-17T08:52:20,2025-12-19T14:31:06,4,4,true,Accuracy,false
1746,5660,CASE-2025-05660,20251216,20251218,2025-12-16T15:02:03,2025-12-18T15:43:25,4,3,false,Communication,false
1747,5666,CASE-2025-05666,20251216,20251219,2025-12-16T10:15:57,2025-12-19T12:17:46,5,5,true,Accuracy,false
1748,5667,CASE-2025-05667,20251216,20251219,2025-12-16T12:52:31,2025-12-19T14:03:09,4,4,true,Accuracy,false
1749,5673,CASE-2025-05673,20251218,20251222,2025-12-18T15:35:05,2025-12-22T08:42:12,3,3,false,Communication,false
1750,5679,CASE-2025-05679,20251224,20260102,2025-12-24T10:21:03,2026-01-02T10:23:55,4,4,true,Communication,false
1751,5682,CASE-2025-05682,20251219,20251229,2025-12-19T15:20:42,2025-12-29T09:32:13,3,3,true,Speed,false
1752,5690,CASE-2025-05690,20251230,20260105,2025-12-30T09:17:24,2026-01-05T13:20:24,3,3,true,Accuracy,false
1753,5698,CASE-2025-05698,20251219,20251224,2025-12-19T11:45:55,2025-12-24T15:40:07,4,4,true,Accuracy,false
1754,5705,CASE-2025-05705,20251217,20251223,2025-12-17T09:12:30,2025-12-23T09:07:04,4,4,true,Communication,false
1755,5706,CASE-2025-05706,20251219,20251223,2025-12-19T11:32:16,2025-12-23T15:09:00,5,5,true,Self-Service,false
1756,5708,CASE-2025-05708,20251218,20251224,2025-12-18T09:28:52,2025-12-24T08:03:25,3,3,false,Accuracy,false
1757,5710,CASE-2025-05710,20251219,20251224,2025-12-19T12:04:45,2025-12-24T08:26:09,4,4,true,Speed,false
1758,5720,CASE-2025-05720,20251219,20251219,2025-12-19T13:06:14,2025-12-19T15:59:40,5,5,true,Other,false
1759,5722,CASE-2025-05722,20251219,20251224,2025-12-19T10:45:21,2025-12-24T15:53:11,4,4,true,Accuracy,false
1760,5727,CASE-2025-05727,20251218,20251223,2025-12-18T13:56:57,2025-12-23T10:26:54,4,5,true,Self-Service,false
1761,5734,CASE-2025-05734,20251219,20251224,2025-12-19T09:09:38,2025-12-24T15:21:10,5,5,true,Communication,false
1762,5736,CASE-2025-05736,20251223,20251229,2025-12-23T14:13:33,2025-12-29T10:05:03,3,3,true,Speed,false
1763,5742,CASE-2025-05742,20251223,20251224,2025-12-23T11:58:40,2025-12-24T12:42:32,3,3,true,Speed,false
1764,5749,CASE-2025-05749,20251223,20251224,2025-12-23T14:02:46,2025-12-24T13:57:51,3,3,true,Speed,false
1765,5753,CASE-2025-05753,20251224,20251231,2025-12-24T14:29:47,2025-12-31T14:53:37,4,4,true,Communication,false
1766,5757,CASE-2025-05757,20251229,20260102,2025-12-29T08:41:01,2026-01-02T13:13:16,3,3,true,Accuracy,false
1767,5758,CASE-2025-05758,20251224,20251226,2025-12-24T09:00:34,2025-12-26T08:03:34,5,5,false,Communication,false
1768,5759,CASE-2025-05759,20251223,20251230,2025-12-23T11:22:30,2025-12-30T12:03:50,4,4,true,Accuracy,false
1769,5761,CASE-2025-05761,20251223,20251224,2025-12-23T14:23:42,2025-12-24T08:38:25,4,4,true,Other,false
1770,5764,CASE-2025-05764,20251226,20260102,2025-12-26T09:25:23,2026-01-02T08:32:39,4,5,true,Speed,false
1771,5769,CASE-2025-05769,20251224,20251231,2025-12-24T11:20:22,2025-12-31T13:05:54,4,4,true,Communication,false
1772,5770,CASE-2025-05770,20251223,20251223,2025-12-23T09:01:50,2025-12-23T12:03:42,5,5,true,Speed,false
1773,5771,CASE-2025-05771,20251222,20251230,2025-12-22T15:10:34,2025-12-30T12:07:40,4,5,true,Accuracy,false
1774,5772,CASE-2025-05772,20251223,20260102,2025-12-23T14:30:09,2026-01-02T08:57:33,4,5,true,Self-Service,false
1775,5773,CASE-2025-05773,20251226,20251229,2025-12-26T12:11:52,2025-12-29T08:47:50,5,5,true,Accuracy,false
1776,5777,CASE-2025-05777,20251223,20251231,2025-12-23T09:59:42,2025-12-31T12:49:49,3,2,false,Self-Service,false
1777,5778,CASE-2025-05778,20251231,20260108,2025-12-31T12:48:23,2026-01-08T14:39:11,5,5,true,Speed,false
1778,5779,CASE-2025-05779,20251223,20251224,2025-12-23T10:24:10,2025-12-24T13:10:36,5,4,true,Communication,false
1779,5782,CASE-2025-05782,20251231,20260102,2025-12-31T09:14:19,2026-01-02T14:53:27,3,3,false,Speed,false
1780,5783,CASE-2025-05783,20251224,20251231,2025-12-24T15:53:40,2025-12-31T10:59:15,5,5,true,Self-Service,false
1781,5784,CASE-2025-05784,20251223,20251230,2025-12-23T14:52:00,2025-12-30T12:37:19,5,5,true,Self-Service,false
1782,5786,CASE-2025-05786,20251229,20260106,2025-12-29T15:38:47,2026-01-06T09:19:20,3,3,false,Accuracy,false
1783,5789,CASE-2025-05789,20251231,20260107,2025-12-31T10:29:35,2026-01-07T12:16:03,5,5,true,Communication,false
1784,5790,CASE-2025-05790,20251224,20251229,2025-12-24T14:09:48,2025-12-29T09:03:33,4,4,true,Speed,false
1785,5792,CASE-2025-05792,20251224,20251230,2025-12-24T10:55:04,2025-12-30T12:08:20,4,5,true,Accuracy,false
1786,5794,CASE-2025-05794,20260107,20260114,2026-01-07T08:41:06,2026-01-14T09:39:54,4,3,true,Accuracy,false
1787,5796,CASE-2025-05796,20251230,20260105,2025-12-30T09:43:59,2026-01-05T08:57:35,4,5,true,Communication,false
1788,5797,CASE-2025-05797,20251223,20260102,2025-12-23T13:39:03,2026-01-02T11:13:22,3,3,false,Communication,false
1789,5799,CASE-2025-05799,20251224,20251226,2025-12-24T14:11:42,2025-12-26T10:16:25,4,4,true,Speed,false
1790,5800,CASE-2025-05800,20251226,20251226,2025-12-26T08:11:05,2025-12-26T10:26:01,5,5,true,Self-Service,false
1791,5802,CASE-2025-05802,20251224,20251230,2025-12-24T08:10:31,2025-12-30T11:28:13,5,5,true,Speed,false
1792,5803,CASE-2025-05803,20251229,20260102,2025-12-29T14:08:48,2026-01-02T08:04:23,3,4,false,Speed,false
1793,5806,CASE-2025-05806,20251224,20251229,2025-12-24T13:25:07,2025-12-29T12:29:07,4,4,true,Communication,false
1794,5814,CASE-2025-05814,20251230,20260107,2025-12-30T11:18:04,2026-01-07T13:25:13,4,4,true,Speed,false
1795,5816,CASE-2025-05816,20260102,20260107,2026-01-02T12:20:56,2026-01-07T09:59:50,3,3,true,Speed,false
1796,5817,CASE-2025-05817,20251224,20251230,2025-12-24T11:20:03,2025-12-30T14:53:38,4,4,true,Communication,false
1797,5818,CASE-2025-05818,20251229,20260106,2025-12-29T08:34:47,2026-01-06T11:19:30,4,3,true,Self-Service,false
1798,5822,CASE-2025-05822,20251224,20251231,2025-12-24T15:29:58,2025-12-31T12:53:12,4,4,false,Speed,false
1799,5825,CASE-2025-05825,20251226,20251231,2025-12-26T14:43:53,2025-12-31T08:57:15,4,4,true,Self-Service,false
1800,5831,CASE-2025-05831,20251229,20251230,2025-12-29T10:44:28,2025-12-30T08:27:50,4,4,true,Speed,false
1801,5833,CASE-2025-05833,20251226,20251230,2025-12-26T14:29:45,2025-12-30T08:46:01,4,4,true,Accuracy,false
1802,5836,CASE-2025-05836,20251231,20260105,2025-12-31T11:05:38,2026-01-05T11:50:05,4,4,true,Accuracy,false
1803,5839,CASE-2025-05839,20251229,20260107,2025-12-29T12:55:55,2026-01-07T10:02:20,4,3,true,Accuracy,false
1804,5840,CASE-2025-05840,20251224,20251226,2025-12-24T15:21:13,2025-12-26T12:11:08,5,4,false,Speed,false
1805,5843,CASE-2025-05843,20260106,20260113,2026-01-06T15:02:10,2026-01-13T12:37:37,4,4,true,Accuracy,false
1806,5844,CASE-2025-05844,20251230,20260105,2025-12-30T14:25:39,2026-01-05T08:04:04,5,5,true,Accuracy,false
1807,5845,CASE-2025-05845,20251229,20260106,2025-12-29T14:31:52,2026-01-06T09:46:57,4,4,true,Communication,false
1808,5846,CASE-2025-05846,20251231,20260102,2025-12-31T12:08:00,2026-01-02T14:03:07,4,3,true,Speed,false
1809,5850,CASE-2025-05850,20251229,20251230,2025-12-29T08:10:48,2025-12-30T14:35:09,4,4,true,Speed,false
1810,5852,CASE-2025-05852,20251229,20251230,2025-12-29T12:38:22,2025-12-30T10:51:38,5,5,true,Communication,false
1811,5856,CASE-2025-05856,20251229,20260106,2025-12-29T15:50:28,2026-01-06T11:56:28,3,3,true,Other,false
1812,5859,CASE-2025-05859,20251231,20260109,2025-12-31T09:48:45,2026-01-09T08:05:08,5,5,true,Communication,false
1813,5861,CASE-2025-05861,20251230,20260105,2025-12-30T08:28:04,2026-01-05T09:51:38,5,4,true,Speed,false
1814,5863,CASE-2025-05863,20251230,20260106,2025-12-30T13:26:53,2026-01-06T13:33:23,4,4,true,Speed,false
1815,5870,CASE-2025-05870,20251231,20260108,2025-12-31T14:08:47,2026-01-08T14:24:12,4,5,true,Speed,false
1816,5873,CASE-2025-05873,20251231,20260109,2025-12-31T10:13:18,2026-01-09T09:37:37,4,4,true,Communication,false
1817,5875,CASE-2025-05875,20260108,20260112,2026-01-08T13:13:08,2026-01-12T10:30:03,5,4,true,Speed,false
1818,5876,CASE-2025-05876,20251229,20260106,2025-12-29T15:51:20,2026-01-06T12:08:13,3,4,true,Speed,false
1819,5883,CASE-2025-05883,20251230,20260106,2025-12-30T13:02:57,2026-01-06T08:39:52,3,3,false,Accuracy,false
1820,5890,CASE-2025-05890,20260102,20260106,2026-01-02T14:43:33,2026-01-06T09:33:28,4,4,true,Other,false
1821,5892,CASE-2025-05892,20260102,20260108,2026-01-02T10:58:34,2026-01-08T12:03:09,5,4,true,Speed,false
1822,5893,CASE-2025-05893,20251231,20260108,2025-12-31T14:30:16,2026-01-08T09:01:13,4,4,true,Self-Service,false
1823,5898,CASE-2025-05898,20260106,20260109,2026-01-06T13:18:36,2026-01-09T11:58:09,3,3,false,Accuracy,false
1824,5901,CASE-2025-05901,20260109,20260109,2026-01-09T08:08:38,2026-01-09T13:18:35,3,3,false,Speed,false
1825,5902,CASE-2025-05902,20260105,20260107,2026-01-05T09:19:54,2026-01-07T13:38:46,3,3,true,Speed,false
1826,5906,CASE-2025-05906,20260102,20260109,2026-01-02T10:04:04,2026-01-09T11:32:46,4,3,false,Self-Service,false
1827,5908,CASE-2025-05908,20260107,20260112,2026-01-07T10:48:07,2026-01-12T08:34:33,4,4,true,Accuracy,false
1828,5913,CASE-2025-05913,20260106,20260107,2026-01-06T14:42:09,2026-01-07T09:35:33,5,5,true,Self-Service,false
1829,5925,CASE-2025-05925,20260105,20260108,2026-01-05T15:10:26,2026-01-08T12:28:25,5,5,true,Communication,false
1830,5927,CASE-2025-05927,20260107,20260114,2026-01-07T09:30:21,2026-01-14T09:39:28,4,4,true,Communication,false
1831,5929,CASE-2025-05929,20260120,20260126,2026-01-20T10:32:08,2026-01-26T10:28:13,3,3,true,Speed,false
1832,5931,CASE-2025-05931,20260102,20260106,2026-01-02T12:30:22,2026-01-06T09:18:04,4,4,true,Self-Service,false
1833,5939,CASE-2026-00003,20260106,20260107,2026-01-06T08:13:56,2026-01-07T15:00:27,4,4,true,Speed,false
1834,5951,CASE-2026-00015,20260107,20260114,2026-01-07T14:33:23,2026-01-14T13:45:38,4,4,true,Speed,false
1835,5957,CASE-2026-00021,20260113,20260119,2026-01-13T10:11:41,2026-01-19T11:40:46,3,3,true,Communication,false
1836,5958,CASE-2026-00022,20260108,20260114,2026-01-08T11:44:44,2026-01-14T15:25:35,4,3,true,Communication,false
1837,5963,CASE-2026-00027,20260107,20260108,2026-01-07T08:35:45,2026-01-08T14:14:38,4,4,false,Communication,false
1838,5966,CASE-2026-00030,20260108,20260115,2026-01-08T15:32:21,2026-01-15T13:45:40,3,3,true,Speed,false
1839,5977,CASE-2026-00041,20260109,20260115,2026-01-09T09:17:34,2026-01-15T09:43:06,5,5,true,Communication,false
1840,5988,CASE-2026-00052,20260108,20260112,2026-01-08T14:54:40,2026-01-12T08:41:52,4,4,false,Speed,false
1841,5991,CASE-2026-00055,20260109,20260114,2026-01-09T12:28:51,2026-01-14T14:35:59,4,3,true,Speed,false
1842,6001,CASE-2026-00065,20260122,20260126,2026-01-22T11:40:33,2026-01-26T13:56:33,4,4,true,Accuracy,false
1843,6003,CASE-2026-00067,20260109,20260116,2026-01-09T08:32:50,2026-01-16T12:45:37,4,4,true,Communication,false
1844,6004,CASE-2026-00068,20260113,20260114,2026-01-13T14:41:32,2026-01-14T13:34:01,4,4,true,Communication,false
1845,6010,CASE-2026-00074,20260113,20260114,2026-01-13T14:13:43,2026-01-14T08:27:15,4,4,true,Speed,false
1846,6012,CASE-2026-00076,20260113,20260116,2026-01-13T10:31:06,2026-01-16T10:05:10,4,4,false,Speed,false
1847,6016,CASE-2026-00080,20260109,20260116,2026-01-09T15:40:33,2026-01-16T13:48:30,4,4,true,Communication,false
1848,6022,CASE-2026-00086,20260112,20260119,2026-01-12T08:38:14,2026-01-19T13:45:58,4,3,true,Accuracy,false
1849,6023,CASE-2026-00087,20260113,20260121,2026-01-13T14:11:16,2026-01-21T13:41:44,3,3,true,Communication,false
1850,6024,CASE-2026-00088,20260113,20260120,2026-01-13T13:24:25,2026-01-20T12:44:52,4,3,true,Communication,false
1851,6025,CASE-2026-00089,20260114,20260121,2026-01-14T08:26:59,2026-01-21T09:13:34,3,3,false,Speed,false
1852,6029,CASE-2026-00093,20260109,20260115,2026-01-09T09:38:30,2026-01-15T11:01:18,4,5,true,Other,false
1853,6031,CASE-2026-00095,20260114,20260115,2026-01-14T12:43:21,2026-01-15T12:56:21,4,4,true,Communication,false
1854,6034,CASE-2026-00098,20260114,20260119,2026-01-14T08:30:05,2026-01-19T14:00:39,4,4,true,Self-Service,false
1855,6040,CASE-2026-00104,20260119,20260120,2026-01-19T10:48:09,2026-01-20T10:24:17,4,4,true,Speed,false
1856,6048,CASE-2026-00112,20260114,20260115,2026-01-14T11:23:34,2026-01-15T15:12:02,4,4,true,Speed,false
1857,6049,CASE-2026-00113,20260112,20260112,2026-01-12T12:28:21,2026-01-12T15:14:10,4,4,true,Accuracy,false
1858,6051,CASE-2026-00115,20260113,20260116,2026-01-13T10:24:39,2026-01-16T13:45:36,5,3,true,Speed,false
1859,6058,CASE-2026-00122,20260122,20260128,2026-01-22T15:06:35,2026-01-28T15:13:00,4,4,true,Communication,false
1860,6061,CASE-2026-00125,20260123,20260128,2026-01-23T11:17:32,2026-01-28T10:03:48,4,3,true,Speed,false
1861,6066,CASE-2026-00130,20260119,20260122,2026-01-19T14:35:11,2026-01-22T12:24:41,3,3,true,Self-Service,false
1862,6068,CASE-2026-00132,20260112,20260120,2026-01-12T14:11:15,2026-01-20T10:17:21,5,5,true,Accuracy,false
1863,6069,CASE-2026-00133,20260113,20260119,2026-01-13T14:30:51,2026-01-19T08:39:09,5,5,true,Communication,false
1864,6070,CASE-2026-00134,20260116,20260121,2026-01-16T10:04:19,2026-01-21T11:45:05,4,4,false,Speed,false
1865,6071,CASE-2026-00135,20260113,20260115,2026-01-13T12:39:31,2026-01-15T10:11:05,5,4,true,Speed,false
1866,6075,CASE-2026-00139,20260116,20260121,2026-01-16T13:48:18,2026-01-21T11:20:44,3,3,true,Other,false
1867,6077,CASE-2026-00141,20260112,20260116,2026-01-12T14:07:57,2026-01-16T11:35:34,4,5,true,Self-Service,false
1868,6078,CASE-2026-00142,20260115,20260122,2026-01-15T12:13:45,2026-01-22T08:42:14,4,4,true,Communication,false
1869,6082,CASE-2026-00146,20260119,20260121,2026-01-19T11:07:36,2026-01-21T08:22:47,5,5,true,Self-Service,false
1870,6083,CASE-2026-00147,20260121,20260123,2026-01-21T10:00:16,2026-01-23T11:03:58,2,2,true,Speed,true
1871,6093,CASE-2026-00157,20260114,20260122,2026-01-14T10:05:53,2026-01-22T09:03:21,5,5,true,Self-Service,false
1872,6095,CASE-2026-00159,20260115,20260116,2026-01-15T12:24:01,2026-01-16T09:17:39,5,4,true,Speed,false
1873,6098,CASE-2026-00162,20260115,20260122,2026-01-15T08:22:12,2026-01-22T08:37:53,5,5,true,Communication,false
1874,6102,CASE-2026-00166,20260114,20260120,2026-01-14T09:46:45,2026-01-20T08:49:41,5,5,true,Communication,false
1875,6105,CASE-2026-00169,20260119,20260126,2026-01-19T08:19:02,2026-01-26T14:02:45,4,4,true,Communication,false
1876,6106,CASE-2026-00170,20260115,20260116,2026-01-15T10:49:51,2026-01-16T12:52:31,3,3,false,Accuracy,false
1877,6115,CASE-2026-00179,20260116,20260126,2026-01-16T14:24:15,2026-01-26T13:52:38,4,4,true,Speed,false
1878,6122,CASE-2026-00186,20260115,20260122,2026-01-15T11:25:46,2026-01-22T09:20:36,4,4,true,Communication,false
1879,6123,CASE-2026-00187,20260116,20260121,2026-01-16T14:50:05,2026-01-21T08:38:13,3,2,true,Self-Service,false
1880,6128,CASE-2026-00192,20260120,20260122,2026-01-20T15:32:46,2026-01-22T12:07:54,3,2,true,Accuracy,false
1881,6129,CASE-2026-00193,20260116,20260119,2026-01-16T12:37:18,2026-01-19T11:07:01,5,5,true,Communication,false
1882,6132,CASE-2026-00196,20260115,20260122,2026-01-15T14:11:57,2026-01-22T13:13:08,5,5,true,Speed,false
1883,6133,CASE-2026-00197,20260128,20260204,2026-01-28T10:12:57,2026-02-04T14:06:22,4,4,true,Speed,false
1884,6134,CASE-2026-00198,20260119,20260121,2026-01-19T12:27:14,2026-01-21T12:43:12,4,4,true,Speed,false
1885,6136,CASE-2026-00200,20260120,20260127,2026-01-20T15:18:44,2026-01-27T11:09:31,4,5,true,Communication,false
1886,6141,CASE-2026-00205,20260116,20260126,2026-01-16T14:07:06,2026-01-26T10:05:59,4,4,true,Accuracy,false
1887,6144,CASE-2026-00208,20260121,20260122,2026-01-21T13:30:17,2026-01-22T13:48:18,5,5,true,Accuracy,false
1888,6152,CASE-2026-00216,20260119,20260120,2026-01-19T13:49:09,2026-01-20T11:53:36,5,4,true,Speed,false
1889,6154,CASE-2026-00218,20260122,20260122,2026-01-22T10:26:09,2026-01-22T15:51:58,2,2,true,Accuracy,true
1890,6156,CASE-2026-00220,20260119,20260123,2026-01-19T15:36:46,2026-01-23T15:03:05,3,3,true,Accuracy,false
1891,6166,CASE-2026-00230,20260120,20260121,2026-01-20T14:51:18,2026-01-21T08:51:56,4,3,true,Communication,false
1892,6170,CASE-2026-00234,20260121,20260123,2026-01-21T10:32:04,2026-01-23T08:22:18,5,5,true,Speed,false
1893,6173,CASE-2026-00237,20260121,20260126,2026-01-21T10:55:04,2026-01-26T08:15:56,3,3,true,Speed,false
1894,6179,CASE-2026-00243,20260129,20260206,2026-01-29T11:24:47,2026-02-06T10:15:42,5,5,true,Communication,false
1895,6181,CASE-2026-00245,20260121,20260123,2026-01-21T10:14:48,2026-01-23T08:23:16,3,3,true,Speed,false
1896,6182,CASE-2026-00246,20260123,20260126,2026-01-23T10:47:44,2026-01-26T15:33:44,4,5,true,Accuracy,false
1897,6183,CASE-2026-00247,20260122,20260126,2026-01-22T11:34:31,2026-01-26T15:23:26,5,5,true,Communication,false
1898,6184,CASE-2026-00248,20260127,20260130,2026-01-27T12:29:16,2026-01-30T11:48:48,4,3,true,Speed,false
1899,6190,CASE-2026-00254,20260120,20260121,2026-01-20T14:58:30,2026-01-21T10:25:42,3,2,true,Self-Service,false
1900,6191,CASE-2026-00255,20260122,20260128,2026-01-22T09:31:35,2026-01-28T15:29:55,4,5,true,Speed,false
1901,6193,CASE-2026-00257,20260126,20260130,2026-01-26T14:27:50,2026-01-30T10:59:46,3,2,true,Speed,false
1902,6197,CASE-2026-00261,20260121,20260128,2026-01-21T10:26:35,2026-01-28T11:49:59,4,3,true,Self-Service,false
1903,6200,CASE-2026-00264,20260126,20260204,2026-01-26T13:03:47,2026-02-04T12:19:43,5,5,true,Other,false
1904,6204,CASE-2026-00268,20260126,20260130,2026-01-26T11:49:21,2026-01-30T15:01:49,4,4,true,Accuracy,false
1905,6205,CASE-2026-00269,20260123,20260123,2026-01-23T10:08:36,2026-01-23T14:11:34,3,4,true,Self-Service,false
1906,6208,CASE-2026-00272,20260127,20260204,2026-01-27T09:20:20,2026-02-04T11:50:23,5,5,true,Self-Service,false
1907,6210,CASE-2026-00274,20260130,20260203,2026-01-30T13:48:13,2026-02-03T09:56:17,3,2,true,Speed,false
1908,6212,CASE-2026-00276,20260127,20260129,2026-01-27T15:44:42,2026-01-29T08:23:59,4,4,true,Communication,false
1909,6213,CASE-2026-00277,20260122,20260129,2026-01-22T13:32:41,2026-01-29T15:30:38,5,5,true,Speed,false
1910,6215,CASE-2026-00279,20260121,20260123,2026-01-21T10:56:16,2026-01-23T09:59:58,5,5,false,Speed,false
1911,6216,CASE-2026-00280,20260123,20260127,2026-01-23T13:03:05,2026-01-27T15:11:01,4,4,true,Self-Service,false
1912,6219,CASE-2026-00283,20260122,20260127,2026-01-22T13:39:44,2026-01-27T11:02:35,4,3,true,Speed,false
1913,6223,CASE-2026-00287,20260127,20260129,2026-01-27T15:14:14,2026-01-29T15:27:11,4,4,true,Self-Service,false
1914,6226,CASE-2026-00290,20260126,20260127,2026-01-26T09:59:38,2026-01-27T15:13:26,4,4,true,Communication,false
1915,6229,CASE-2026-00293,20260122,20260123,2026-01-22T14:02:53,2026-01-23T12:59:31,4,4,true,Self-Service,false
1916,6230,CASE-2026-00294,20260122,20260129,2026-01-22T15:53:23,2026-01-29T09:20:35,4,5,false,Self-Service,false
1917,6237,CASE-2026-00301,20260123,20260128,2026-01-23T13:33:05,2026-01-28T10:25:57,5,5,true,Other,false
1918,6240,CASE-2026-00304,20260129,20260204,2026-01-29T14:00:41,2026-02-04T14:37:56,4,3,true,Speed,false
1919,6241,CASE-2026-00305,20260122,20260128,2026-01-22T10:40:27,2026-01-28T08:30:11,3,3,true,Communication,false
1920,6243,CASE-2026-00307,20260128,20260130,2026-01-28T13:10:43,2026-01-30T14:48:04,4,3,true,Accuracy,false
1921,6245,CASE-2026-00309,20260123,20260127,2026-01-23T08:40:29,2026-01-27T14:47:44,4,5,true,Self-Service,false
1922,6246,CASE-2026-00310,20260123,20260130,2026-01-23T11:51:16,2026-01-30T13:20:02,4,5,true,Communication,false
1923,6247,CASE-2026-00311,20260128,20260129,2026-01-28T13:06:44,2026-01-29T12:22:10,3,2,true,Accuracy,false
1924,6249,CASE-2026-00313,20260122,20260123,2026-01-22T14:31:24,2026-01-23T09:37:32,3,2,false,Self-Service,false
1925,6250,CASE-2026-00314,20260123,20260126,2026-01-23T11:06:24,2026-01-26T12:40:54,4,4,true,Other,false
1926,6251,CASE-2026-00315,20260123,20260129,2026-01-23T11:15:55,2026-01-29T09:33:20,5,5,true,Accuracy,false
1927,6266,CASE-2026-00330,20260206,20260211,2026-02-06T14:15:38,2026-02-11T10:54:01,2,2,true,Speed,true
1928,6270,CASE-2026-00334,20260127,20260203,2026-01-27T09:22:08,2026-02-03T15:52:11,4,4,true,Speed,false
1929,6272,CASE-2026-00336,20260126,20260128,2026-01-26T12:15:06,2026-01-28T10:33:30,4,4,true,Accuracy,false
1930,6275,CASE-2026-00339,20260205,20260210,2026-02-05T08:44:07,2026-02-10T14:40:14,3,3,false,Speed,false
1931,6276,CASE-2026-00340,20260129,20260204,2026-01-29T08:25:00,2026-02-04T11:51:20,4,4,true,Speed,false
1932,6280,CASE-2026-00344,20260204,20260206,2026-02-04T14:37:55,2026-02-06T12:14:31,3,3,true,Speed,false
1933,6281,CASE-2026-00345,20260128,20260205,2026-01-28T10:36:57,2026-02-05T09:36:23,3,4,false,Speed,false
1934,6285,CASE-2026-00349,20260128,20260204,2026-01-28T13:18:06,2026-02-04T12:22:30,4,4,true,Speed,false
1935,6286,CASE-2026-00350,20260127,20260204,2026-01-27T14:55:27,2026-02-04T12:08:22,5,5,true,Accuracy,false
1936,6287,CASE-2026-00351,20260129,20260209,2026-01-29T15:13:30,2026-02-09T10:15:53,3,4,true,Communication,false
1937,6289,CASE-2026-00353,20260129,20260206,2026-01-29T09:16:37,2026-02-06T10:44:55,4,4,true,Other,false
1938,6295,CASE-2026-00359,20260128,20260203,2026-01-28T12:30:36,2026-02-03T11:38:29,4,4,true,Speed,false
1939,6298,CASE-2026-00362,20260127,20260203,2026-01-27T08:49:03,2026-02-03T13:04:23,5,5,true,Communication,false
1940,6301,CASE-2026-00365,20260205,20260212,2026-02-05T12:49:32,2026-02-12T12:54:25,2,2,true,Communication,true
1941,6302,CASE-2026-00366,20260128,20260206,2026-01-28T15:16:12,2026-02-06T08:29:55,3,4,true,Speed,false
1942,6304,CASE-2026-00368,20260130,20260210,2026-01-30T12:31:39,2026-02-10T12:00:43,3,4,false,Speed,false
1943,6307,CASE-2026-00371,20260129,20260130,2026-01-29T10:00:58,2026-01-30T11:12:29,4,3,true,Accuracy,false
1944,6310,CASE-2026-00374,20260128,20260129,2026-01-28T13:41:20,2026-01-29T14:00:50,4,4,true,Speed,false
1945,6313,CASE-2026-00377,20260203,20260210,2026-02-03T08:38:55,2026-02-10T11:57:35,4,4,true,Speed,false
1946,6314,CASE-2026-00378,20260126,20260203,2026-01-26T14:54:03,2026-02-03T13:43:13,4,4,true,Speed,false
1947,6316,CASE-2026-00380,20260128,20260204,2026-01-28T15:55:54,2026-02-04T15:44:45,5,4,true,Speed,false
1948,6317,CASE-2026-00381,20260209,20260210,2026-02-09T10:40:10,2026-02-10T15:00:07,3,4,false,Speed,false
1949,6321,CASE-2026-00385,20260206,20260210,2026-02-06T12:46:07,2026-02-10T13:35:42,3,2,true,Speed,false
1950,6324,CASE-2026-00388,20260130,20260206,2026-01-30T09:28:31,2026-02-06T14:26:39,3,3,true,Speed,false
1951,6325,CASE-2026-00389,20260205,20260211,2026-02-05T08:25:41,2026-02-11T13:44:38,4,3,true,Communication,false
1952,6329,CASE-2026-00393,20260129,20260130,2026-01-29T10:05:24,2026-01-30T12:39:20,5,5,true,Self-Service,false
1953,6332,CASE-2026-00396,20260203,20260211,2026-02-03T12:29:44,2026-02-11T11:45:45,3,2,false,Accuracy,false
1954,6335,CASE-2026-00399,20260216,20260223,2026-02-16T13:26:21,2026-02-23T14:25:02,3,3,false,Speed,false
1955,6336,CASE-2026-00400,20260203,20260206,2026-02-03T15:33:02,2026-02-06T15:42:04,4,4,true,Self-Service,false
1956,6339,CASE-2026-00403,20260129,20260203,2026-01-29T12:49:05,2026-02-03T10:37:47,5,5,true,Communication,false
1957,6340,CASE-2026-00404,20260209,20260210,2026-02-09T15:28:11,2026-02-10T14:30:24,2,2,true,Communication,true
1958,6341,CASE-2026-00405,20260216,20260223,2026-02-16T09:28:38,2026-02-23T13:50:09,4,4,true,Speed,false
1959,6343,CASE-2026-00407,20260129,20260206,2026-01-29T14:28:45,2026-02-06T09:05:23,4,3,true,Communication,false
1960,6355,CASE-2026-00419,20260203,20260210,2026-02-03T08:03:12,2026-02-10T10:00:54,5,5,false,Self-Service,false
1961,6356,CASE-2026-00420,20260203,20260204,2026-02-03T09:28:15,2026-02-04T09:47:40,4,4,true,Speed,false
1962,6358,CASE-2026-00422,20260206,20260209,2026-02-06T10:04:51,2026-02-09T11:34:26,3,2,false,Communication,false
1963,6364,CASE-2026-00428,20260130,20260203,2026-01-30T10:44:25,2026-02-03T09:03:51,4,5,true,Speed,false
1964,6367,CASE-2026-00431,20260206,20260210,2026-02-06T13:34:08,2026-02-10T09:51:56,2,3,true,Speed,true
1965,6372,CASE-2026-00436,20260129,20260203,2026-01-29T15:14:21,2026-02-03T13:39:35,4,4,true,Accuracy,false
1966,6373,CASE-2026-00437,20260210,20260216,2026-02-10T11:20:11,2026-02-16T08:43:17,4,4,true,Speed,false
1967,6375,CASE-2026-00439,20260203,20260209,2026-02-03T09:43:06,2026-02-09T08:57:17,4,4,true,Communication,false
1968,6377,CASE-2026-00441,20260205,20260209,2026-02-05T10:31:39,2026-02-09T10:16:24,5,4,true,Self-Service,false
1969,6384,CASE-2026-00448,20260206,20260211,2026-02-06T09:45:31,2026-02-11T12:42:15,4,4,true,Communication,false
1970,6386,CASE-2026-00450,20260210,20260213,2026-02-10T14:11:31,2026-02-13T11:31:07,3,3,false,Speed,false
1971,6387,CASE-2026-00451,20260203,20260206,2026-02-03T11:21:08,2026-02-06T09:59:00,5,4,true,Communication,false
1972,6391,CASE-2026-00455,20260217,20260218,2026-02-17T13:44:32,2026-02-18T14:18:51,3,3,true,Speed,false
1973,6392,CASE-2026-00456,20260213,20260220,2026-02-13T12:31:57,2026-02-20T09:23:37,5,5,true,Speed,false
1974,6394,CASE-2026-00458,20260203,20260206,2026-02-03T14:25:29,2026-02-06T09:06:56,3,4,true,Self-Service,false
1975,6397,CASE-2026-00461,20260209,20260210,2026-02-09T09:04:04,2026-02-10T11:28:39,4,3,true,Self-Service,false
1976,6407,CASE-2026-00471,20260204,20260205,2026-02-04T12:40:28,2026-02-05T11:17:17,5,4,true,Other,false
1977,6414,CASE-2026-00478,20260209,20260213,2026-02-09T11:11:57,2026-02-13T09:59:20,5,5,true,Speed,false
1978,6422,CASE-2026-00486,20260203,20260204,2026-02-03T11:59:16,2026-02-04T14:34:30,4,4,true,Self-Service,false
1979,6423,CASE-2026-00487,20260217,20260220,2026-02-17T09:24:25,2026-02-20T09:47:28,4,4,true,Speed,false
1980,6427,CASE-2026-00491,20260204,20260205,2026-02-04T09:55:43,2026-02-05T11:57:14,4,5,true,Other,false
1981,6434,CASE-2026-00498,20260204,20260210,2026-02-04T12:44:34,2026-02-10T10:29:22,3,3,true,Speed,false
1982,6437,CASE-2026-00501,20260205,20260211,2026-02-05T13:58:30,2026-02-11T12:48:33,4,4,true,Communication,false
1983,6443,CASE-2026-00507,20260209,20260212,2026-02-09T08:45:43,2026-02-12T13:45:13,4,4,true,Speed,false
1984,6446,CASE-2026-00510,20260210,20260217,2026-02-10T08:31:06,2026-02-17T13:04:17,5,5,true,Accuracy,false
1985,6453,CASE-2026-00517,20260209,20260210,2026-02-09T15:15:45,2026-02-10T13:38:46,4,4,true,Speed,false
1986,6454,CASE-2026-00518,20260206,20260210,2026-02-06T12:44:34,2026-02-10T12:58:39,3,3,true,Other,false
1987,6460,CASE-2026-00524,20260211,20260217,2026-02-11T13:47:29,2026-02-17T11:00:20,3,3,true,Speed,false
1988,6462,CASE-2026-00526,20260206,20260211,2026-02-06T08:19:37,2026-02-11T09:00:13,4,4,true,Self-Service,false
1989,6464,CASE-2026-00528,20260209,20260211,2026-02-09T14:59:49,2026-02-11T11:37:56,4,3,true,Self-Service,false
1990,6467,CASE-2026-00531,20260205,20260213,2026-02-05T10:54:49,2026-02-13T08:51:59,4,4,true,Communication,false
1991,6468,CASE-2026-00532,20260212,20260219,2026-02-12T13:32:13,2026-02-19T14:37:02,3,3,true,Communication,false
1992,6471,CASE-2026-00535,20260212,20260217,2026-02-12T12:44:40,2026-02-17T13:52:58,4,4,true,Speed,false
1993,6472,CASE-2026-00536,20260205,20260206,2026-02-05T08:54:50,2026-02-06T10:39:59,4,4,true,Speed,false
1994,6474,CASE-2026-00538,20260206,20260209,2026-02-06T11:38:50,2026-02-09T09:10:39,4,5,true,Speed,false
1995,6477,CASE-2026-00541,20260205,20260210,2026-02-05T12:29:27,2026-02-10T11:03:59,4,4,true,Speed,false
1996,6479,CASE-2026-00543,20260206,20260210,2026-02-06T08:32:39,2026-02-10T09:14:06,3,4,true,Accuracy,false
1997,6480,CASE-2026-00544,20260205,20260210,2026-02-05T14:06:55,2026-02-10T08:42:56,4,5,false,Speed,false
1998,6484,CASE-2026-00548,20260209,20260211,2026-02-09T12:23:24,2026-02-11T15:23:59,4,4,true,Speed,false
1999,6490,CASE-2026-00554,20260206,20260210,2026-02-06T09:48:56,2026-02-10T11:24:43,4,4,true,Communication,false
2000,6497,CASE-2026-00561,20260216,20260218,2026-02-16T12:29:59,2026-02-18T14:24:43,2,3,false,Speed,true
2001,6499,CASE-2026-00563,20260212,20260219,2026-02-12T14:03:05,2026-02-19T09:44:07,4,3,true,Other,false
2002,6501,CASE-2026-00565,20260209,20260217,2026-02-09T15:09:28,2026-02-17T14:39:18,5,5,true,Self-Service,false
2003,6509,CASE-2026-00573,20260213,20260216,2026-02-13T15:14:19,2026-02-16T10:21:44,3,3,true,Speed,false
2004,6510,CASE-2026-00574,20260209,20260213,2026-02-09T09:38:19,2026-02-13T10:18:35,4,5,true,Self-Service,false
2005,6517,CASE-2026-00581,20260209,20260216,2026-02-09T11:28:35,2026-02-16T08:07:12,4,4,true,Speed,false
2006,6520,CASE-2026-00584,20260209,20260210,2026-02-09T15:29:38,2026-02-10T11:09:18,4,4,true,Accuracy,false
2007,6525,CASE-2026-00589,20260212,20260213,2026-02-12T11:07:05,2026-02-13T14:55:29,4,3,true,Accuracy,false
2008,6527,CASE-2026-00591,20260209,20260210,2026-02-09T14:05:41,2026-02-10T12:56:49,4,5,true,Self-Service,false
2009,6539,CASE-2026-00603,20260209,20260210,2026-02-09T15:35:11,2026-02-10T12:39:51,4,3,true,Communication,false
2010,6548,CASE-2026-00612,20260218,20260223,2026-02-18T14:25:26,2026-02-23T11:27:00,4,4,true,Speed,false
2011,6549,CASE-2026-00613,20260211,20260219,2026-02-11T15:06:34,2026-02-19T14:05:31,4,4,true,Self-Service,false
2012,6552,CASE-2026-00616,20260213,20260220,2026-02-13T11:49:31,2026-02-20T09:31:43,4,4,true,Self-Service,false
2013,6556,CASE-2026-00620,20260211,20260213,2026-02-11T10:54:53,2026-02-13T15:53:58,4,5,true,Self-Service,false
2014,6559,CASE-2026-00623,20260210,20260212,2026-02-10T10:46:45,2026-02-12T12:37:03,4,4,true,Communication,false
2015,6560,CASE-2026-00624,20260212,20260217,2026-02-12T15:16:01,2026-02-17T13:11:44,4,3,true,Communication,false
2016,6561,CASE-2026-00625,20260212,20260219,2026-02-12T11:02:18,2026-02-19T13:15:06,3,3,false,Communication,false
2017,6563,CASE-2026-00627,20260210,20260211,2026-02-10T12:47:19,2026-02-11T13:29:27,5,5,true,Accuracy,false
2018,6564,CASE-2026-00628,20260213,20260217,2026-02-13T11:27:17,2026-02-17T13:29:18,4,5,true,Communication,false
2019,6572,CASE-2026-00636,20260211,20260216,2026-02-11T09:10:08,2026-02-16T08:15:21,4,3,true,Speed,false
2020,6575,CASE-2026-00639,20260212,20260219,2026-02-12T10:03:22,2026-02-19T13:13:25,4,5,true,Speed,false
2021,6576,CASE-2026-00640,20260211,20260211,2026-02-11T10:51:14,2026-02-11T14:51:58,4,4,false,Communication,false
2022,6579,CASE-2026-00643,20260223,20260226,2026-02-23T12:35:55,2026-02-26T09:01:31,4,4,true,Speed,false
2023,6580,CASE-2026-00644,20260211,20260217,2026-02-11T10:54:49,2026-02-17T09:38:31,4,4,false,Communication,false
2024,6582,CASE-2026-00646,20260223,20260302,2026-02-23T09:00:57,2026-03-02T14:17:01,2,2,false,Communication,true
2025,6583,CASE-2026-00647,20260218,20260223,2026-02-18T08:34:41,2026-02-23T08:01:52,2,2,false,Accuracy,true
2026,6585,CASE-2026-00649,20260213,20260220,2026-02-13T11:17:59,2026-02-20T11:41:37,4,2,true,Communication,false
2027,6587,CASE-2026-00651,20260213,20260216,2026-02-13T15:11:49,2026-02-16T10:45:40,4,4,true,Accuracy,false
2028,6590,CASE-2026-00654,20260213,20260220,2026-02-13T08:25:08,2026-02-20T15:43:22,4,3,true,Other,false
2029,6592,CASE-2026-00656,20260213,20260220,2026-02-13T14:53:11,2026-02-20T11:05:40,4,4,true,Communication,false
2030,6597,CASE-2026-00661,20260218,20260219,2026-02-18T15:57:00,2026-02-19T14:26:15,3,3,true,Speed,false
2031,6600,CASE-2026-00664,20260217,20260220,2026-02-17T13:30:01,2026-02-20T11:49:33,5,4,true,Communication,false
2032,6603,CASE-2026-00667,20260216,20260223,2026-02-16T15:53:24,2026-02-23T13:28:00,3,3,true,Self-Service,false
2033,6605,CASE-2026-00669,20260212,20260219,2026-02-12T15:36:05,2026-02-19T14:59:38,4,4,true,Other,false
2034,6608,CASE-2026-00672,20260219,20260226,2026-02-19T10:39:11,2026-02-26T13:41:40,4,4,false,Speed,false
2035,6609,CASE-2026-00673,20260213,20260219,2026-02-13T14:20:02,2026-02-19T08:39:11,5,5,true,Other,false
2036,6610,CASE-2026-00674,20260216,20260223,2026-02-16T09:01:58,2026-02-23T15:38:42,4,4,true,Speed,false
2037,6612,CASE-2026-00676,20260213,20260216,2026-02-13T14:27:41,2026-02-16T10:33:26,4,4,true,Accuracy,false
2038,6617,CASE-2026-00681,20260225,20260304,2026-02-25T15:39:06,2026-03-04T10:14:13,3,3,true,Communication,false
2039,6625,CASE-2026-00689,20260217,20260224,2026-02-17T14:25:56,2026-02-24T09:10:17,5,5,true,Communication,false
2040,6635,CASE-2026-00699,20260216,20260217,2026-02-16T09:13:11,2026-02-17T08:53:13,5,5,true,Accuracy,false
2041,6642,CASE-2026-00706,20260217,20260224,2026-02-17T14:41:03,2026-02-24T13:32:57,5,5,true,Self-Service,false
2042,6645,CASE-2026-00709,20260219,20260225,2026-02-19T08:38:20,2026-02-25T12:49:22,3,4,true,Speed,false
2043,6649,CASE-2026-00713,20260217,20260218,2026-02-17T13:09:46,2026-02-18T15:57:33,4,5,true,Communication,false
2044,6650,CASE-2026-00714,20260218,20260223,2026-02-18T11:46:19,2026-02-23T08:02:35,3,4,true,Speed,false
2045,6662,CASE-2026-00726,20260217,20260219,2026-02-17T14:26:40,2026-02-19T14:10:24,3,3,true,Communication,false
2046,6667,CASE-2026-00731,20260218,20260220,2026-02-18T09:32:20,2026-02-20T10:11:32,4,4,true,Communication,false
2047,6675,CASE-2026-00739,20260219,20260225,2026-02-19T11:53:16,2026-02-25T12:52:11,4,4,true,Speed,false
2048,6682,CASE-2026-00746,20260223,20260225,2026-02-23T11:02:27,2026-02-25T11:38:28,3,4,false,Accuracy,false
2049,6684,CASE-2026-00748,20260218,20260220,2026-02-18T13:00:52,2026-02-20T09:55:57,4,5,true,Self-Service,false
2050,6687,CASE-2026-00751,20260218,20260226,2026-02-18T11:35:57,2026-02-26T08:43:04,5,5,true,Accuracy,false
2051,6690,CASE-2026-00754,20260218,20260218,2026-02-18T08:01:26,2026-02-18T13:35:20,4,5,true,Accuracy,false
2052,6692,CASE-2026-00756,20260218,20260220,2026-02-18T15:41:29,2026-02-20T15:37:22,5,5,true,Speed,false
2053,6693,CASE-2026-00757,20260218,20260224,2026-02-18T11:21:15,2026-02-24T12:32:44,4,4,true,Communication,false
2054,6695,CASE-2026-00759,20260223,20260224,2026-02-23T10:40:30,2026-02-24T14:06:21,4,3,true,Accuracy,false
2055,6698,CASE-2026-00762,20260223,20260302,2026-02-23T13:31:52,2026-03-02T09:14:24,5,5,true,Speed,false
2056,6699,CASE-2026-00763,20260223,20260224,2026-02-23T11:01:23,2026-02-24T12:23:29,2,2,true,Communication,true
2057,6700,CASE-2026-00764,20260303,20260305,2026-03-03T11:50:21,2026-03-05T12:31:31,4,5,true,Speed,false
2058,6709,CASE-2026-00773,20260220,20260226,2026-02-20T09:42:48,2026-02-26T08:27:29,4,4,false,Self-Service,false
2059,6716,CASE-2026-00780,20260302,20260303,2026-03-02T12:10:22,2026-03-03T12:12:53,5,5,true,Accuracy,false
2060,6729,CASE-2026-00793,20260219,20260225,2026-02-19T09:34:35,2026-02-25T08:27:26,4,4,true,Speed,false
2061,6731,CASE-2026-00795,20260220,20260227,2026-02-20T10:51:57,2026-02-27T11:38:45,4,4,false,Communication,false
2062,6733,CASE-2026-00797,20260224,20260225,2026-02-24T13:57:49,2026-02-25T13:59:55,4,4,true,Communication,false
2063,6734,CASE-2026-00798,20260224,20260302,2026-02-24T11:57:37,2026-03-02T12:07:08,4,4,false,Accuracy,false
2064,6743,CASE-2026-00807,20260225,20260305,2026-02-25T10:02:54,2026-03-05T09:22:04,4,5,false,Communication,false
2065,6745,CASE-2026-00809,20260223,20260302,2026-02-23T08:53:51,2026-03-02T08:00:06,5,5,true,Communication,false
2066,6746,CASE-2026-00810,20260223,20260302,2026-02-23T13:31:11,2026-03-02T08:44:46,4,4,true,Self-Service,false
2067,6748,CASE-2026-00812,20260224,20260226,2026-02-24T12:13:57,2026-02-26T11:41:31,4,3,true,Self-Service,false
2068,6753,CASE-2026-00817,20260227,20260306,2026-02-27T11:29:31,2026-03-06T13:13:47,2,3,false,Accuracy,true
2069,6754,CASE-2026-00818,20260226,20260303,2026-02-26T08:01:38,2026-03-03T08:34:11,4,3,true,Communication,false
2070,6757,CASE-2026-00821,20260223,20260227,2026-02-23T10:19:58,2026-02-27T12:05:42,4,3,true,Communication,false
2071,6760,CASE-2026-00824,20260226,20260305,2026-02-26T15:01:20,2026-03-05T08:08:48,4,5,true,Self-Service,false
2072,6761,CASE-2026-00825,20260225,20260303,2026-02-25T11:00:55,2026-03-03T10:25:26,4,4,true,Accuracy,false
2073,6762,CASE-2026-00826,20260227,20260303,2026-02-27T10:43:06,2026-03-03T13:15:31,4,5,true,Speed,false
2074,6765,CASE-2026-00829,20260224,20260225,2026-02-24T09:31:21,2026-02-25T09:04:03,4,4,true,Other,false
2075,6767,CASE-2026-00831,20260302,20260309,2026-03-02T09:10:56,2026-03-09T11:37:25,4,5,true,Speed,false
2076,6771,CASE-2026-00835,20260224,20260226,2026-02-24T14:34:44,2026-02-26T13:28:28,4,4,true,Speed,false
2077,6775,CASE-2026-00839,20260304,20260304,2026-03-04T08:27:44,2026-03-04T13:30:16,2,4,false,Speed,true
2078,6784,CASE-2026-00848,20260224,20260227,2026-02-24T11:07:58,2026-02-27T14:38:38,4,4,true,Self-Service,false
2079,6785,CASE-2026-00849,20260226,20260302,2026-02-26T08:16:44,2026-03-02T11:45:15,5,5,true,Self-Service,false
2080,6788,CASE-2026-00852,20260226,20260226,2026-02-26T09:09:38,2026-02-26T12:22:45,3,4,false,Accuracy,false
2081,6790,CASE-2026-00854,20260226,20260304,2026-02-26T09:44:55,2026-03-04T09:38:02,5,5,true,Speed,false
2082,6793,CASE-2026-00857,20260227,20260302,2026-02-27T10:33:34,2026-03-02T12:10:04,4,4,true,Communication,false
2083,6803,CASE-2026-00867,20260226,20260302,2026-02-26T14:58:59,2026-03-02T10:18:11,5,5,true,Accuracy,false
2084,6804,CASE-2026-00868,20260225,20260302,2026-02-25T13:01:53,2026-03-02T10:21:51,4,3,true,Speed,false
2085,6805,CASE-2026-00869,20260227,20260306,2026-02-27T08:11:48,2026-03-06T11:10:36,5,5,true,Speed,false
2086,6809,CASE-2026-00873,20260306,20260317,2026-03-06T10:24:24,2026-03-17T08:50:53,4,4,true,Speed,false
2087,6817,CASE-2026-00881,20260227,20260309,2026-02-27T12:50:11,2026-03-09T12:35:19,4,4,true,Speed,false
2088,6821,CASE-2026-00885,20260303,20260310,2026-03-03T13:36:32,2026-03-10T09:03:35,4,3,false,Accuracy,false
2089,6827,CASE-2026-00891,20260227,20260305,2026-02-27T09:19:35,2026-03-05T15:17:01,5,5,true,Other,false
2090,6828,CASE-2026-00892,20260302,20260305,2026-03-02T09:16:05,2026-03-05T08:24:33,4,4,true,Communication,false
2091,6829,CASE-2026-00893,20260305,20260313,2026-03-05T15:02:04,2026-03-13T11:18:09,4,4,true,Speed,false
2092,6831,CASE-2026-00895,20260304,20260304,2026-03-04T08:32:13,2026-03-04T12:02:52,4,5,true,Speed,false
2093,6835,CASE-2026-00899,20260304,20260305,2026-03-04T09:28:02,2026-03-05T14:11:17,3,3,false,Communication,false
2094,6837,CASE-2026-00901,20260304,20260306,2026-03-04T10:31:59,2026-03-06T09:43:30,3,3,true,Communication,false
2095,6838,CASE-2026-00902,20260227,20260305,2026-02-27T10:45:09,2026-03-05T12:40:21,4,4,false,Communication,false
2096,6839,CASE-2026-00903,20260303,20260311,2026-03-03T11:04:17,2026-03-11T10:42:39,4,4,true,Communication,false
2097,6840,CASE-2026-00904,20260306,20260317,2026-03-06T11:35:07,2026-03-17T11:05:24,4,3,true,Communication,false
2098,6841,CASE-2026-00905,20260302,20260302,2026-03-02T09:08:39,2026-03-02T15:57:49,4,5,false,Communication,false
2099,6842,CASE-2026-00906,20260227,20260305,2026-02-27T14:35:15,2026-03-05T10:04:37,4,4,true,Communication,false
2100,6843,CASE-2026-00907,20260306,20260309,2026-03-06T15:08:58,2026-03-09T15:56:35,4,4,true,Accuracy,false
2101,6849,CASE-2026-00913,20260302,20260302,2026-03-02T10:21:39,2026-03-02T15:06:41,4,4,true,Speed,false
2102,6850,CASE-2026-00914,20260302,20260309,2026-03-02T09:24:16,2026-03-09T09:15:21,4,4,true,Speed,false
2103,6852,CASE-2026-00916,20260302,20260309,2026-03-02T12:52:57,2026-03-09T10:14:52,5,5,true,Speed,false
2104,6856,CASE-2026-00920,20260302,20260303,2026-03-02T14:04:26,2026-03-03T12:04:45,5,5,true,Accuracy,false
2105,6865,CASE-2026-00929,20260302,20260303,2026-03-02T12:39:26,2026-03-03T13:28:00,4,4,true,Speed,false
2106,6867,CASE-2026-00931,20260303,20260303,2026-03-03T10:27:28,2026-03-03T13:30:55,3,2,true,Communication,false
2107,6868,CASE-2026-00932,20260303,20260311,2026-03-03T09:38:27,2026-03-11T08:31:08,4,4,false,Communication,false
2108,6873,CASE-2026-00937,20260304,20260310,2026-03-04T08:54:10,2026-03-10T14:18:23,4,4,false,Accuracy,false
2109,6874,CASE-2026-00938,20260303,20260304,2026-03-03T14:35:34,2026-03-04T14:11:04,3,3,true,Speed,false
2110,6875,CASE-2026-00939,20260309,20260313,2026-03-09T13:55:50,2026-03-13T14:10:08,4,4,true,Speed,false
2111,6876,CASE-2026-00940,20260309,20260318,2026-03-09T14:55:43,2026-03-18T13:02:27,3,3,true,Speed,false
2112,6877,CASE-2026-00941,20260306,20260310,2026-03-06T15:10:09,2026-03-10T14:09:37,4,4,true,Self-Service,false
2113,6880,CASE-2026-00944,20260310,20260311,2026-03-10T12:05:28,2026-03-11T10:31:01,3,3,true,Speed,false
2114,6883,CASE-2026-00947,20260305,20260311,2026-03-05T13:33:15,2026-03-11T10:10:32,3,3,false,Speed,false
2115,6885,CASE-2026-00949,20260305,20260306,2026-03-05T08:44:23,2026-03-06T11:23:31,4,3,true,Communication,false
2116,6887,CASE-2026-00951,20260305,20260309,2026-03-05T13:12:47,2026-03-09T15:00:38,4,5,true,Communication,false
2117,6891,CASE-2026-00955,20260303,20260305,2026-03-03T10:03:34,2026-03-05T09:46:14,4,4,true,Communication,false
2118,6895,CASE-2026-00959,20260304,20260310,2026-03-04T12:21:07,2026-03-10T15:33:52,3,2,false,Speed,false
2119,6896,CASE-2026-00960,20260304,20260311,2026-03-04T09:44:22,2026-03-11T10:42:35,5,5,true,Speed,false
2120,6897,CASE-2026-00961,20260304,20260305,2026-03-04T12:18:45,2026-03-05T12:06:58,4,4,true,Communication,false
2121,6899,CASE-2026-00963,20260306,20260317,2026-03-06T08:59:36,2026-03-17T08:12:55,4,4,false,Communication,false
2122,6901,CASE-2026-00965,20260310,20260310,2026-03-10T09:26:43,2026-03-10T15:41:19,3,4,false,Communication,false
2123,6902,CASE-2026-00966,20260310,20260318,2026-03-10T09:32:07,2026-03-18T11:40:30,3,2,true,Accuracy,false
2124,6909,CASE-2026-00973,20260305,20260312,2026-03-05T13:54:12,2026-03-12T11:19:10,4,4,true,Speed,false
2125,6915,CASE-2026-00979,20260313,20260323,2026-03-13T08:56:26,2026-03-23T14:20:57,3,4,true,Speed,false
2126,6926,CASE-2026-00990,20260309,20260311,2026-03-09T12:48:02,2026-03-11T10:11:21,3,2,true,Self-Service,false
2127,6928,CASE-2026-00992,20260313,20260317,2026-03-13T08:23:32,2026-03-17T15:49:52,4,3,true,Speed,false
2128,6937,CASE-2026-01001,20260309,20260310,2026-03-09T12:38:19,2026-03-10T14:17:24,3,4,false,Communication,false
2129,6940,CASE-2026-01004,20260305,20260306,2026-03-05T13:22:55,2026-03-06T13:28:52,3,4,true,Speed,false
2130,6941,CASE-2026-01005,20260309,20260317,2026-03-09T15:25:13,2026-03-17T13:26:42,5,5,true,Speed,false
2131,6948,CASE-2026-01012,20260306,20260309,2026-03-06T11:27:43,2026-03-09T15:02:40,4,5,true,Speed,false
2132,6949,CASE-2026-01013,20260309,20260317,2026-03-09T10:00:35,2026-03-17T14:09:19,3,3,true,Communication,false
2133,6950,CASE-2026-01014,20260305,20260306,2026-03-05T13:48:46,2026-03-06T13:18:11,5,4,true,Speed,false
2134,6952,CASE-2026-01016,20260305,20260313,2026-03-05T13:54:35,2026-03-13T08:54:54,4,3,false,Other,false
2135,6962,CASE-2026-01026,20260309,20260312,2026-03-09T13:49:55,2026-03-12T08:31:18,4,3,false,Speed,false
2136,6963,CASE-2026-01027,20260306,20260317,2026-03-06T15:21:37,2026-03-17T12:42:35,5,5,true,Communication,false
2137,6966,CASE-2026-01030,20260310,20260319,2026-03-10T13:13:33,2026-03-19T08:35:45,4,4,true,Self-Service,false
2138,6971,CASE-2026-01035,20260312,20260318,2026-03-12T08:05:31,2026-03-18T14:52:14,5,4,true,Accuracy,false
2139,6977,CASE-2026-01041,20260311,20260317,2026-03-11T14:14:00,2026-03-17T14:34:41,3,2,true,Accuracy,false
2140,6978,CASE-2026-01042,20260309,20260310,2026-03-09T11:18:58,2026-03-10T09:31:39,4,5,true,Speed,false
2141,6979,CASE-2026-01043,20260310,20260311,2026-03-10T10:15:23,2026-03-11T13:29:28,3,4,true,Communication,false
2142,6982,CASE-2026-01046,20260309,20260310,2026-03-09T12:15:57,2026-03-10T14:58:30,4,4,true,Accuracy,false
2143,6984,CASE-2026-01048,20260310,20260312,2026-03-10T14:35:59,2026-03-12T08:36:35,4,4,true,Communication,false
2144,6990,CASE-2026-01054,20260309,20260312,2026-03-09T15:21:29,2026-03-12T14:47:10,5,5,true,Accuracy,false
2145,6992,CASE-2026-01056,20260317,20260319,2026-03-17T12:07:09,2026-03-19T14:04:58,3,3,true,Communication,false
2146,6995,CASE-2026-01059,20260313,20260320,2026-03-13T11:56:07,2026-03-20T10:09:45,5,5,true,Speed,false
2147,6997,CASE-2026-01061,20260313,20260319,2026-03-13T13:56:29,2026-03-19T08:11:33,4,5,true,Speed,false
2148,6998,CASE-2026-01062,20260310,20260318,2026-03-10T11:34:31,2026-03-18T10:45:43,4,3,true,Self-Service,false
2149,7002,CASE-2026-01066,20260313,20260319,2026-03-13T08:19:24,2026-03-19T14:35:25,5,5,true,Speed,false
2150,7003,CASE-2026-01067,20260311,20260311,2026-03-11T09:42:44,2026-03-11T11:56:59,3,3,false,Self-Service,false
2151,7006,CASE-2026-01070,20260311,20260319,2026-03-11T11:22:29,2026-03-19T09:59:01,4,3,true,Accuracy,false
2152,7008,CASE-2026-01072,20260311,20260318,2026-03-11T09:18:13,2026-03-18T09:35:30,3,4,false,Self-Service,false
2153,7014,CASE-2026-01078,20260312,20260323,2026-03-12T13:05:17,2026-03-23T12:58:30,4,4,true,Self-Service,false
2154,7015,CASE-2026-01079,20260313,20260320,2026-03-13T08:28:01,2026-03-20T10:58:27,4,4,true,Accuracy,false
2155,7016,CASE-2026-01080,20260312,20260319,2026-03-12T10:08:02,2026-03-19T11:04:52,3,4,false,Speed,false
2156,7031,CASE-2026-01095,20260311,20260313,2026-03-11T14:58:18,2026-03-13T10:04:07,4,4,true,Speed,false
2157,7036,CASE-2026-01100,20260317,20260323,2026-03-17T08:14:20,2026-03-23T12:29:23,4,4,true,Communication,false
2158,7037,CASE-2026-01101,20260312,20260319,2026-03-12T13:43:24,2026-03-19T10:06:55,3,3,true,Self-Service,false
2159,7038,CASE-2026-01102,20260311,20260318,2026-03-11T08:59:03,2026-03-18T15:53:27,4,4,true,Speed,false
2160,7039,CASE-2026-01103,20260330,20260403,2026-03-30T14:34:17,2026-04-03T13:45:29,2,2,false,Communication,true
2161,7043,CASE-2026-01107,20260331,20260402,2026-03-31T08:04:52,2026-04-02T09:58:49,4,3,true,Accuracy,false
2162,7051,CASE-2026-01115,20260317,20260319,2026-03-17T08:47:23,2026-03-19T13:57:34,3,4,false,Speed,false
2163,7057,CASE-2026-01121,20260313,20260319,2026-03-13T11:58:28,2026-03-19T09:22:15,4,4,true,Accuracy,false
2164,7058,CASE-2026-01122,20260318,20260325,2026-03-18T13:52:56,2026-03-25T09:21:00,4,4,true,Speed,false
2165,7059,CASE-2026-01123,20260313,20260317,2026-03-13T09:17:20,2026-03-17T08:23:35,4,4,true,Accuracy,false
2166,7061,CASE-2026-01125,20260313,20260317,2026-03-13T15:28:41,2026-03-17T12:27:04,2,2,true,Speed,true
2167,7063,CASE-2026-01127,20260318,20260320,2026-03-18T14:46:26,2026-03-20T13:29:29,4,4,true,Communication,false
2168,7064,CASE-2026-01128,20260312,20260319,2026-03-12T11:37:12,2026-03-19T14:43:58,4,4,false,Other,false
2169,7073,CASE-2026-01137,20260313,20260320,2026-03-13T11:45:52,2026-03-20T15:39:13,5,5,true,Speed,false
2170,7074,CASE-2026-01138,20260318,20260319,2026-03-18T08:37:30,2026-03-19T14:01:35,4,4,true,Speed,false
2171,7079,CASE-2026-01143,20260317,20260320,2026-03-17T10:46:19,2026-03-20T15:50:46,5,4,true,Communication,false
2172,7080,CASE-2026-01144,20260320,20260326,2026-03-20T08:21:58,2026-03-26T15:31:32,4,4,true,Speed,false
2173,7094,CASE-2026-01158,20260319,20260326,2026-03-19T12:50:19,2026-03-26T15:48:55,4,5,true,Self-Service,false
2174,7095,CASE-2026-01159,20260319,20260324,2026-03-19T13:05:43,2026-03-24T15:19:33,4,5,false,Accuracy,false
2175,7096,CASE-2026-01160,20260318,20260324,2026-03-18T15:16:20,2026-03-24T15:19:25,4,5,true,Other,false
2176,7099,CASE-2026-01163,20260319,20260326,2026-03-19T08:14:40,2026-03-26T10:49:25,4,4,true,Other,false
2177,7101,CASE-2026-01165,20260318,20260325,2026-03-18T08:27:21,2026-03-25T09:13:37,4,4,true,Speed,false
2178,7102,CASE-2026-01166,20260319,20260324,2026-03-19T13:12:26,2026-03-24T15:07:33,3,3,true,Speed,false
2179,7110,CASE-2026-01174,20260317,20260325,2026-03-17T15:17:42,2026-03-25T08:52:07,4,3,true,Self-Service,false
2180,7114,CASE-2026-01178,20260317,20260319,2026-03-17T14:00:11,2026-03-19T13:00:38,4,4,true,Speed,false
2181,7116,CASE-2026-01180,20260319,20260325,2026-03-19T12:58:18,2026-03-25T08:49:30,4,3,false,Speed,false
2182,7118,CASE-2026-01182,20260320,20260327,2026-03-20T08:07:25,2026-03-27T09:27:03,3,3,true,Accuracy,false
2183,7120,CASE-2026-01184,20260318,20260324,2026-03-18T13:52:02,2026-03-24T13:12:53,4,3,true,Speed,false
2184,7122,CASE-2026-01186,20260319,20260324,2026-03-19T13:57:56,2026-03-24T15:04:32,4,3,true,Self-Service,false
2185,7123,CASE-2026-01187,20260320,20260325,2026-03-20T15:59:22,2026-03-25T08:59:16,4,4,true,Self-Service,false
2186,7130,CASE-2026-01194,20260318,20260323,2026-03-18T12:42:50,2026-03-23T14:27:14,4,3,true,Communication,false
2187,7134,CASE-2026-01198,20260331,20260407,2026-03-31T09:01:03,2026-04-07T14:07:02,2,2,true,Accuracy,true
2188,7137,CASE-2026-01201,20260323,20260327,2026-03-23T12:06:16,2026-03-27T08:14:19,3,3,true,Speed,false
2189,7138,CASE-2026-01202,20260319,20260323,2026-03-19T10:31:11,2026-03-23T08:32:04,4,4,true,Accuracy,false
2190,7145,CASE-2026-01209,20260320,20260320,2026-03-20T08:27:33,2026-03-20T12:14:42,4,4,true,Speed,false
2191,7147,CASE-2026-01211,20260319,20260320,2026-03-19T12:05:54,2026-03-20T11:22:03,3,3,true,Accuracy,false
2192,7151,CASE-2026-01215,20260319,20260324,2026-03-19T10:09:54,2026-03-24T09:14:26,4,4,true,Accuracy,false
2193,7152,CASE-2026-01216,20260319,20260319,2026-03-19T08:46:09,2026-03-19T14:39:09,4,3,false,Other,false
2194,7155,CASE-2026-01219,20260319,20260326,2026-03-19T13:04:18,2026-03-26T12:45:00,3,3,true,Self-Service,false
2195,7161,CASE-2026-01225,20260319,20260323,2026-03-19T10:29:28,2026-03-23T09:18:29,4,4,true,Self-Service,false
2196,7167,CASE-2026-01231,20260320,20260325,2026-03-20T15:07:18,2026-03-25T12:46:04,3,2,false,Communication,false
2197,7174,CASE-2026-01238,20260320,20260324,2026-03-20T09:11:15,2026-03-24T13:03:32,5,5,true,Accuracy,false
2198,7183,CASE-2026-01247,20260323,20260327,2026-03-23T13:44:14,2026-03-27T08:00:22,5,5,true,Communication,false
2199,7192,CASE-2026-01256,20260324,20260331,2026-03-24T13:41:52,2026-03-31T15:19:08,4,4,true,Accuracy,false
2200,7198,CASE-2026-01262,20260325,20260330,2026-03-25T11:20:06,2026-03-30T11:37:08,3,4,true,Accuracy,false
2201,7199,CASE-2026-01263,20260323,20260330,2026-03-23T13:34:38,2026-03-30T10:27:01,3,3,false,Accuracy,false
2202,7205,CASE-2026-01269,20260323,20260325,2026-03-23T08:30:10,2026-03-25T09:26:31,4,4,true,Accuracy,false
2203,7211,CASE-2026-01275,20260324,20260325,2026-03-24T15:21:04,2026-03-25T13:30:29,4,4,true,Speed,false
2204,7212,CASE-2026-01276,20260323,20260327,2026-03-23T13:10:04,2026-03-27T11:16:16,5,4,true,Accuracy,false
2205,7217,CASE-2026-01281,20260320,20260326,2026-03-20T14:32:50,2026-03-26T13:40:07,5,5,true,Accuracy,false
2206,7224,CASE-2026-01288,20260323,20260330,2026-03-23T14:50:16,2026-03-30T11:11:16,3,3,true,Speed,false
2207,7228,CASE-2026-01292,20260327,20260403,2026-03-27T14:29:58,2026-04-03T14:15:59,4,3,true,Self-Service,false
2208,7230,CASE-2026-01294,20260323,20260325,2026-03-23T10:24:37,2026-03-25T10:23:33,3,3,true,Speed,false
2209,7233,CASE-2026-01297,20260326,20260326,2026-03-26T08:03:27,2026-03-26T11:15:02,5,5,true,Other,false
2210,7234,CASE-2026-01298,20260326,20260402,2026-03-26T11:39:58,2026-04-02T11:55:23,3,4,true,Accuracy,false
2211,7237,CASE-2026-01301,20260324,20260401,2026-03-24T13:18:12,2026-04-01T12:49:46,4,4,true,Self-Service,false
2212,7239,CASE-2026-01303,20260323,20260324,2026-03-23T12:05:19,2026-03-24T09:50:27,4,4,true,Speed,false
2213,7243,CASE-2026-01307,20260330,20260331,2026-03-30T09:41:19,2026-03-31T11:21:21,4,4,false,Communication,false
2214,7249,CASE-2026-01313,20260326,20260402,2026-03-26T10:49:47,2026-04-02T13:58:29,3,3,false,Accuracy,false
2215,7252,CASE-2026-01316,20260327,20260403,2026-03-27T15:02:14,2026-04-03T10:20:36,3,3,true,Communication,false
2216,7256,CASE-2026-01320,20260326,20260331,2026-03-26T10:13:04,2026-03-31T13:05:50,4,3,false,Accuracy,false
2217,7257,CASE-2026-01321,20260325,20260330,2026-03-25T09:03:37,2026-03-30T13:29:10,4,5,true,Accuracy,false
2218,7261,CASE-2026-01325,20260326,20260331,2026-03-26T09:47:25,2026-03-31T15:44:20,4,4,true,Accuracy,false
2219,7262,CASE-2026-01326,20260330,20260407,2026-03-30T09:43:15,2026-04-07T09:17:36,3,3,true,Accuracy,false
2220,7263,CASE-2026-01327,20260330,20260331,2026-03-30T11:50:02,2026-03-31T14:55:31,4,3,false,Speed,false
2221,7266,CASE-2026-01330,20260331,20260407,2026-03-31T13:38:46,2026-04-07T09:41:36,3,3,true,Self-Service,false
2222,7270,CASE-2026-01334,20260409,20260414,2026-04-09T11:02:15,2026-04-14T11:36:10,3,3,true,Communication,false
2223,7276,CASE-2026-01340,20260331,20260403,2026-03-31T15:10:10,2026-04-03T08:53:24,5,5,true,Speed,false
2224,7277,CASE-2026-01341,20260326,20260330,2026-03-26T10:49:31,2026-03-30T14:47:01,5,5,true,Speed,false
2225,7281,CASE-2026-01345,20260325,20260401,2026-03-25T15:49:07,2026-04-01T08:02:39,3,4,true,Other,false
2226,7282,CASE-2026-01346,20260330,20260401,2026-03-30T12:53:07,2026-04-01T15:28:52,3,3,true,Communication,false
2227,7285,CASE-2026-01349,20260331,20260401,2026-03-31T14:07:12,2026-04-01T10:49:02,4,4,true,Accuracy,false
2228,7286,CASE-2026-01350,20260401,20260402,2026-04-01T08:10:57,2026-04-02T09:24:06,4,4,true,Speed,false
2229,7293,CASE-2026-01357,20260330,20260401,2026-03-30T15:05:06,2026-04-01T14:21:22,4,4,true,Communication,false
2230,7295,CASE-2026-01359,20260403,20260410,2026-04-03T14:50:55,2026-04-10T13:55:42,3,4,false,Accuracy,false
2231,7297,CASE-2026-01361,20260327,20260331,2026-03-27T12:09:33,2026-03-31T13:53:08,3,3,false,Communication,false
2232,7298,CASE-2026-01362,20260407,20260414,2026-04-07T13:40:04,2026-04-14T13:44:01,4,4,true,Communication,false
2233,7299,CASE-2026-01363,20260326,20260331,2026-03-26T10:33:17,2026-03-31T12:24:08,4,5,true,Speed,false
2234,7300,CASE-2026-01364,20260331,20260408,2026-03-31T11:49:27,2026-04-08T10:39:14,5,4,true,Speed,false
2235,7313,CASE-2026-01377,20260413,20260415,2026-04-13T09:24:52,2026-04-15T14:50:46,3,4,true,Speed,false
2236,7316,CASE-2026-01380,20260330,20260406,2026-03-30T14:09:32,2026-04-06T11:08:48,5,5,true,Self-Service,false
2237,7319,CASE-2026-01383,20260402,20260410,2026-04-02T14:54:53,2026-04-10T13:42:33,3,4,true,Speed,false
2238,7322,CASE-2026-01386,20260330,20260401,2026-03-30T09:40:03,2026-04-01T14:40:52,5,5,true,Self-Service,false
2239,7329,CASE-2026-01393,20260417,20260423,2026-04-17T08:45:01,2026-04-23T10:34:14,3,2,true,Speed,false
2240,7330,CASE-2026-01394,20260406,20260410,2026-04-06T08:50:45,2026-04-10T12:50:33,3,3,true,Speed,false
2241,7331,CASE-2026-01395,20260402,20260409,2026-04-02T14:46:57,2026-04-09T09:58:40,4,4,true,Accuracy,false
2242,7334,CASE-2026-01398,20260401,20260406,2026-04-01T10:28:01,2026-04-06T08:35:29,4,4,true,Speed,false
2243,7339,CASE-2026-01403,20260330,20260403,2026-03-30T12:10:08,2026-04-03T10:41:47,3,2,false,Other,false
2244,7346,CASE-2026-01410,20260403,20260410,2026-04-03T10:58:52,2026-04-10T12:40:36,3,3,false,Accuracy,false
2245,7349,CASE-2026-01413,20260330,20260407,2026-03-30T11:41:25,2026-04-07T10:28:14,5,5,true,Communication,false
2246,7353,CASE-2026-01417,20260406,20260413,2026-04-06T12:12:00,2026-04-13T15:27:48,5,4,true,Communication,false
2247,7355,CASE-2026-01419,20260402,20260408,2026-04-02T11:20:36,2026-04-08T10:06:16,4,4,true,Other,false
2248,7356,CASE-2026-01420,20260330,20260402,2026-03-30T10:49:04,2026-04-02T10:18:49,5,4,true,Communication,false
2249,7358,CASE-2026-01422,20260402,20260409,2026-04-02T14:00:37,2026-04-09T12:54:26,4,3,true,Speed,false
2250,7363,CASE-2026-01427,20260402,20260408,2026-04-02T08:02:19,2026-04-08T15:23:16,4,5,true,Self-Service,false
2251,7365,CASE-2026-01429,20260413,20260416,2026-04-13T11:43:13,2026-04-16T13:14:48,4,5,true,Accuracy,false
2252,7369,CASE-2026-01433,20260401,20260407,2026-04-01T15:57:20,2026-04-07T10:48:27,5,4,true,Communication,false
2253,7374,CASE-2026-01438,20260406,20260413,2026-04-06T08:05:48,2026-04-13T13:03:13,5,4,true,Self-Service,false
2254,7375,CASE-2026-01439,20260402,20260409,2026-04-02T13:42:30,2026-04-09T14:25:55,4,4,true,Speed,false
2255,7383,CASE-2026-01447,20260407,20260414,2026-04-07T15:46:04,2026-04-14T11:04:37,5,5,true,Self-Service,false
2256,7387,CASE-2026-01451,20260403,20260413,2026-04-03T09:00:47,2026-04-13T08:10:40,5,5,true,Accuracy,false
2257,7388,CASE-2026-01452,20260406,20260409,2026-04-06T15:11:09,2026-04-09T15:47:15,4,5,false,Accuracy,false
2258,7396,CASE-2026-01460,20260402,20260403,2026-04-02T08:54:03,2026-04-03T09:03:45,5,5,true,Speed,false
2259,7401,CASE-2026-01465,20260402,20260406,2026-04-02T10:56:34,2026-04-06T12:11:01,4,4,true,Communication,false
2260,7409,CASE-2026-01473,20260406,20260409,2026-04-06T09:05:39,2026-04-09T15:36:52,3,3,true,Communication,false
2261,7413,CASE-2026-01477,20260406,20260413,2026-04-06T11:57:10,2026-04-13T11:18:58,4,4,true,Other,false
2262,7418,CASE-2026-01482,20260402,20260409,2026-04-02T09:12:31,2026-04-09T10:07:27,3,2,true,Speed,false
2263,7427,CASE-2026-01491,20260413,20260416,2026-04-13T11:08:07,2026-04-16T10:58:42,4,4,true,Accuracy,false
2264,7430,CASE-2026-01494,20260406,20260413,2026-04-06T09:11:31,2026-04-13T14:54:08,5,5,true,Self-Service,false
2265,7440,CASE-2026-01504,20260407,20260415,2026-04-07T13:24:06,2026-04-15T11:50:40,4,4,false,Speed,false
2266,7445,CASE-2026-01509,20260406,20260408,2026-04-06T15:41:28,2026-04-08T13:32:16,4,4,true,Accuracy,false
2267,7450,CASE-2026-01514,20260403,20260407,2026-04-03T15:32:18,2026-04-07T11:59:51,4,4,true,Other,false
2268,7454,CASE-2026-01518,20260409,20260416,2026-04-09T10:36:15,2026-04-16T09:15:11,4,4,true,Communication,false
2269,7457,CASE-2026-01521,20260415,20260420,2026-04-15T13:28:02,2026-04-20T11:00:01,4,4,true,Accuracy,false
2270,7458,CASE-2026-01522,20260409,20260413,2026-04-09T13:15:58,2026-04-13T12:36:48,4,4,true,Speed,false
2271,7465,CASE-2026-01529,20260413,20260416,2026-04-13T08:19:32,2026-04-16T14:07:13,3,5,true,Communication,false
2272,7470,CASE-2026-01534,20260415,20260417,2026-04-15T12:15:40,2026-04-17T13:12:10,3,3,true,Speed,false
2273,7476,CASE-2026-01540,20260408,20260413,2026-04-08T10:17:15,2026-04-13T15:25:11,4,4,true,Speed,false
2274,7493,CASE-2026-01557,20260409,20260413,2026-04-09T13:13:45,2026-04-13T10:18:34,4,4,true,Communication,false
2275,7494,CASE-2026-01558,20260415,20260422,2026-04-15T09:57:04,2026-04-22T10:05:31,4,5,true,Communication,false
2276,7500,CASE-2026-01564,20260413,20260416,2026-04-13T14:42:35,2026-04-16T11:56:14,4,4,true,Communication,false
2277,7501,CASE-2026-01565,20260408,20260409,2026-04-08T11:17:22,2026-04-09T14:24:10,3,2,true,Self-Service,false
2278,7502,CASE-2026-01566,20260409,20260410,2026-04-09T09:58:59,2026-04-10T10:15:24,3,3,true,Self-Service,false
2279,7505,CASE-2026-01569,20260409,20260416,2026-04-09T12:20:03,2026-04-16T12:28:46,4,4,true,Communication,false
2280,7506,CASE-2026-01570,20260422,20260424,2026-04-22T12:25:25,2026-04-24T09:57:49,4,4,false,Communication,false
2281,7507,CASE-2026-01571,20260414,20260420,2026-04-14T08:44:14,2026-04-20T11:17:55,5,5,true,Communication,false
2282,7509,CASE-2026-01573,20260408,20260408,2026-04-08T08:30:43,2026-04-08T15:06:18,5,5,true,Accuracy,false
2283,7510,CASE-2026-01574,20260409,20260413,2026-04-09T08:45:17,2026-04-13T10:45:35,4,5,true,Speed,false
2284,7513,CASE-2026-01577,20260414,20260416,2026-04-14T13:45:42,2026-04-16T12:27:58,4,4,true,Accuracy,false
2285,7519,CASE-2026-01583,20260413,20260420,2026-04-13T09:38:18,2026-04-20T08:07:54,5,4,true,Other,false
2286,7522,CASE-2026-01586,20260410,20260414,2026-04-10T13:44:52,2026-04-14T10:05:44,4,4,false,Accuracy,false
2287,7527,CASE-2026-01591,20260410,20260413,2026-04-10T12:19:35,2026-04-13T09:51:32,5,5,false,Communication,false
2288,7535,CASE-2026-01599,20260410,20260417,2026-04-10T14:11:42,2026-04-17T15:50:07,4,5,true,Communication,false
2289,7536,CASE-2026-01600,20260415,20260416,2026-04-15T14:16:27,2026-04-16T14:09:55,3,3,false,Speed,false
2290,7546,CASE-2026-01610,20260413,20260417,2026-04-13T12:10:43,2026-04-17T14:03:21,5,5,true,Speed,false
2291,7547,CASE-2026-01611,20260410,20260420,2026-04-10T13:37:17,2026-04-20T09:20:31,5,5,true,Accuracy,false
2292,7548,CASE-2026-01612,20260410,20260417,2026-04-10T10:08:51,2026-04-17T15:27:13,5,4,true,Speed,false
2293,7550,CASE-2026-01614,20260413,20260421,2026-04-13T12:17:49,2026-04-21T11:09:11,4,5,false,Accuracy,false
2294,7552,CASE-2026-01616,20260416,20260421,2026-04-16T12:57:29,2026-04-21T09:23:01,3,3,true,Accuracy,false
2295,7558,CASE-2026-01622,20260417,20260417,2026-04-17T08:06:21,2026-04-17T12:35:19,4,4,true,Self-Service,false
2296,7559,CASE-2026-01623,20260413,20260416,2026-04-13T13:38:58,2026-04-16T12:19:16,4,3,true,Accuracy,false
2297,7567,CASE-2026-01631,20260416,20260423,2026-04-16T10:16:24,2026-04-23T15:52:44,3,2,true,Communication,false
2298,7568,CASE-2026-01632,20260414,20260414,2026-04-14T08:09:07,2026-04-14T10:40:22,4,3,true,Communication,false
2299,7574,CASE-2026-01638,20260414,20260421,2026-04-14T11:05:58,2026-04-21T14:43:51,3,3,true,Accuracy,false
2300,7583,CASE-2026-01647,20260414,20260415,2026-04-14T09:02:22,2026-04-15T10:55:28,5,5,true,Accuracy,false
2301,7585,CASE-2026-01649,20260414,20260417,2026-04-14T09:03:34,2026-04-17T14:55:53,4,3,true,Accuracy,false
2302,7590,CASE-2026-01654,20260416,20260417,2026-04-16T13:23:38,2026-04-17T10:26:12,5,5,true,Communication,false
2303,7593,CASE-2026-01657,20260414,20260415,2026-04-14T08:35:05,2026-04-15T08:46:38,4,4,true,Speed,false
2304,7595,CASE-2026-01659,20260414,20260414,2026-04-14T08:03:36,2026-04-14T15:02:50,4,3,true,Speed,false
2305,7612,CASE-2026-01676,20260416,20260421,2026-04-16T10:28:49,2026-04-21T10:10:02,3,3,true,Speed,false
2306,7614,CASE-2026-01678,20260415,20260421,2026-04-15T08:23:27,2026-04-21T15:52:01,5,4,true,Speed,false
2307,7616,CASE-2026-01680,20260421,20260427,2026-04-21T13:24:48,2026-04-27T10:21:32,4,4,true,Speed,false
2308,7637,CASE-2026-01701,20260415,20260415,2026-04-15T09:48:34,2026-04-15T13:46:42,5,4,true,Self-Service,false
2309,7640,CASE-2026-01704,20260417,20260422,2026-04-17T08:34:03,2026-04-22T15:53:10,4,4,true,Self-Service,false
2310,7646,CASE-2026-01710,20260420,20260423,2026-04-20T15:56:26,2026-04-23T08:18:06,3,4,false,Communication,false
2311,7647,CASE-2026-01711,20260422,20260424,2026-04-22T13:16:43,2026-04-24T13:51:17,5,5,true,Speed,false
2312,7649,CASE-2026-01713,20260415,20260420,2026-04-15T15:05:27,2026-04-20T15:36:42,4,4,true,Communication,false
2313,7650,CASE-2026-01714,20260415,20260422,2026-04-15T11:04:59,2026-04-22T14:43:24,4,4,true,Speed,false
2314,7652,CASE-2026-01716,20260417,20260422,2026-04-17T14:55:07,2026-04-22T08:04:03,4,4,true,Speed,false
2315,7655,CASE-2026-01719,20260416,20260422,2026-04-16T10:58:37,2026-04-22T09:34:25,3,4,true,Communication,false
2316,7660,CASE-2026-01724,20260417,20260423,2026-04-17T10:52:24,2026-04-23T11:21:16,5,5,true,Self-Service,false
2317,7661,CASE-2026-01725,20260420,20260423,2026-04-20T13:37:19,2026-04-23T14:54:59,4,4,true,Accuracy,false
2318,7662,CASE-2026-01726,20260423,20260430,2026-04-23T11:36:17,2026-04-30T08:35:11,1,2,true,Accuracy,true
2319,7667,CASE-2026-01731,20260416,20260421,2026-04-16T14:25:29,2026-04-21T15:18:12,4,5,true,Communication,false
2320,7669,CASE-2026-01733,20260421,20260428,2026-04-21T11:47:24,2026-04-28T11:56:07,4,3,true,Accuracy,false
2321,7673,CASE-2026-01737,20260416,20260423,2026-04-16T13:40:25,2026-04-23T09:58:21,4,4,false,Self-Service,false
2322,7676,CASE-2026-01740,20260420,20260422,2026-04-20T09:45:00,2026-04-22T14:48:09,4,4,true,Accuracy,false
2323,7679,CASE-2026-01743,20260427,20260505,2026-04-27T10:38:17,2026-05-05T14:33:05,3,3,true,Speed,false
2324,7681,CASE-2026-01745,20260422,20260430,2026-04-22T15:59:30,2026-04-30T12:27:11,4,4,true,Communication,false
2325,7684,CASE-2026-01748,20260423,20260424,2026-04-23T15:30:19,2026-04-24T10:16:23,3,2,false,Speed,false
2326,7694,CASE-2026-01758,20260429,20260505,2026-04-29T08:42:31,2026-05-05T09:13:42,4,3,true,Communication,false
2327,7697,CASE-2026-01761,20260420,20260422,2026-04-20T10:02:34,2026-04-22T10:29:36,3,3,true,Communication,false
2328,7702,CASE-2026-01766,20260420,20260427,2026-04-20T09:13:11,2026-04-27T15:37:25,4,4,true,Speed,false
2329,7703,CASE-2026-01767,20260423,20260430,2026-04-23T09:06:02,2026-04-30T13:51:56,5,5,true,Communication,false
2330,7718,CASE-2026-01782,20260505,20260513,2026-05-05T15:21:16,2026-05-13T13:37:57,4,3,true,Communication,false
2331,7719,CASE-2026-01783,20260421,20260423,2026-04-21T15:21:37,2026-04-23T12:10:31,4,5,true,Self-Service,false
2332,7726,CASE-2026-01790,20260429,20260505,2026-04-29T10:05:05,2026-05-05T09:08:12,4,4,true,Speed,false
2333,7732,CASE-2026-01796,20260420,20260423,2026-04-20T15:56:32,2026-04-23T09:08:40,4,4,true,Speed,false
2334,7735,CASE-2026-01799,20260427,20260505,2026-04-27T09:06:17,2026-05-05T14:17:02,4,4,true,Other,false
2335,7742,CASE-2026-01806,20260427,20260504,2026-04-27T12:51:23,2026-05-04T09:14:26,4,4,true,Speed,false
2336,7744,CASE-2026-01808,20260423,20260427,2026-04-23T13:13:06,2026-04-27T10:03:05,4,5,true,Self-Service,false
2337,7746,CASE-2026-01810,20260428,20260506,2026-04-28T08:04:09,2026-05-06T10:29:00,4,4,true,Communication,false
2338,7750,CASE-2026-01814,20260427,20260505,2026-04-27T11:48:56,2026-05-05T13:10:28,3,3,true,Speed,false
2339,7752,CASE-2026-01816,20260422,20260422,2026-04-22T08:55:46,2026-04-22T11:19:52,4,4,true,Accuracy,false
2340,7754,CASE-2026-01818,20260429,20260507,2026-04-29T11:10:41,2026-05-07T10:52:29,3,3,true,Communication,false
2341,7756,CASE-2026-01820,20260422,20260427,2026-04-22T09:59:24,2026-04-27T08:42:33,4,5,false,Accuracy,false
2342,7763,CASE-2026-01827,20260430,20260430,2026-04-30T08:20:10,2026-04-30T15:01:49,2,2,false,Accuracy,true
2343,7766,CASE-2026-01830,20260428,20260430,2026-04-28T12:03:16,2026-04-30T11:46:50,3,3,true,Speed,false
2344,7779,CASE-2026-01843,20260427,20260429,2026-04-27T14:19:44,2026-04-29T10:35:33,5,4,true,Communication,false
2345,7782,CASE-2026-01846,20260505,20260512,2026-05-05T08:48:07,2026-05-12T12:48:48,3,3,true,Speed,false
2346,7785,CASE-2026-01849,20260427,20260430,2026-04-27T10:17:53,2026-04-30T08:49:57,5,5,true,Speed,false
2347,7795,CASE-2026-01859,20260427,20260428,2026-04-27T08:06:18,2026-04-28T11:34:32,3,3,false,Accuracy,false
2348,7800,CASE-2026-01864,20260427,20260430,2026-04-27T14:43:44,2026-04-30T08:34:52,5,5,true,Accuracy,false
2349,7805,CASE-2026-01869,20260424,20260428,2026-04-24T11:53:03,2026-04-28T15:04:45,5,5,true,Accuracy,false
2350,7818,CASE-2026-01882,20260427,20260505,2026-04-27T14:36:59,2026-05-05T08:43:40,5,5,true,Communication,false
2351,7821,CASE-2026-01885,20260427,20260428,2026-04-27T11:15:34,2026-04-28T11:33:55,4,4,false,Accuracy,false
2352,7827,CASE-2026-01891,20260429,20260508,2026-04-29T13:11:43,2026-05-08T09:50:32,5,4,true,Speed,false
2353,7828,CASE-2026-01892,20260505,20260506,2026-05-05T10:15:21,2026-05-06T13:25:51,5,4,true,Self-Service,false
2354,7832,CASE-2026-01896,20260429,20260505,2026-04-29T13:22:42,2026-05-05T08:33:08,4,4,true,Speed,false
2355,7836,CASE-2026-01900,20260504,20260512,2026-05-04T15:34:34,2026-05-12T13:03:13,4,4,true,Speed,false
2356,7845,CASE-2026-01909,20260504,20260505,2026-05-04T12:17:05,2026-05-05T15:48:16,4,4,true,Communication,false
2357,7859,CASE-2026-01923,20260429,20260506,2026-04-29T08:24:06,2026-05-06T14:15:12,4,4,true,Communication,false
2358,7869,CASE-2026-01933,20260508,20260513,2026-05-08T15:42:48,2026-05-13T08:17:03,4,4,true,Communication,false
2359,7872,CASE-2026-01936,20260430,20260506,2026-04-30T08:48:24,2026-05-06T14:11:33,4,4,true,Communication,false
2360,7874,CASE-2026-01938,20260506,20260513,2026-05-06T12:05:39,2026-05-13T10:46:03,4,5,true,Accuracy,false
2361,7881,CASE-2026-01945,20260505,20260512,2026-05-05T09:50:43,2026-05-12T14:35:10,3,3,true,Communication,false
2362,7889,CASE-2026-01953,20260505,20260511,2026-05-05T14:05:52,2026-05-11T14:55:36,3,3,true,Speed,false
2363,7893,CASE-2026-01957,20260506,20260513,2026-05-06T10:53:57,2026-05-13T15:29:26,5,5,true,Self-Service,false
2364,7897,CASE-2026-01961,20260505,20260508,2026-05-05T12:53:15,2026-05-08T12:21:29,3,4,false,Communication,false
2365,7899,CASE-2026-01963,20260505,20260511,2026-05-05T08:14:19,2026-05-11T12:41:27,3,3,false,Communication,false
2366,7900,CASE-2026-01964,20260522,20260526,2026-05-22T08:09:03,2026-05-26T08:19:50,3,4,true,Speed,false
2367,7902,CASE-2026-01966,20260508,20260511,2026-05-08T14:14:00,2026-05-11T15:14:03,4,4,true,Speed,false
2368,7903,CASE-2026-01967,20260505,20260508,2026-05-05T15:54:23,2026-05-08T14:26:48,4,4,true,Accuracy,false
2369,7911,CASE-2026-01975,20260518,20260525,2026-05-18T12:42:36,2026-05-25T15:50:31,3,4,true,Accuracy,false
2370,7924,CASE-2026-01988,20260508,20260515,2026-05-08T12:35:29,2026-05-15T15:17:39,3,3,false,Accuracy,false
2371,7925,CASE-2026-01989,20260508,20260518,2026-05-08T13:05:24,2026-05-18T08:33:02,1,1,true,Communication,true
2372,7929,CASE-2026-01993,20260505,20260512,2026-05-05T09:30:19,2026-05-12T12:37:07,3,3,true,Communication,false
2373,7936,CASE-2026-02000,20260505,20260512,2026-05-05T15:07:43,2026-05-12T08:42:02,4,4,true,Communication,false
2374,7943,CASE-2026-02007,20260505,20260511,2026-05-05T11:35:54,2026-05-11T08:13:07,3,3,true,Other,false
2375,7944,CASE-2026-02008,20260505,20260513,2026-05-05T15:06:38,2026-05-13T12:37:06,3,4,true,Accuracy,false
2376,7945,CASE-2026-02009,20260512,20260519,2026-05-12T13:18:37,2026-05-19T15:02:42,5,4,true,Speed,false
2377,7952,CASE-2026-02016,20260512,20260518,2026-05-12T11:16:26,2026-05-18T15:15:35,4,3,true,Communication,false
2378,7953,CASE-2026-02017,20260506,20260507,2026-05-06T09:35:34,2026-05-07T12:27:01,3,4,true,Speed,false
2379,7956,CASE-2026-02020,20260506,20260511,2026-05-06T09:03:06,2026-05-11T15:51:20,5,5,true,Communication,false
2380,7962,CASE-2026-02026,20260506,20260508,2026-05-06T12:28:14,2026-05-08T15:13:33,5,5,true,Self-Service,false
2381,7973,CASE-2026-02037,20260511,20260512,2026-05-11T13:58:09,2026-05-12T11:10:22,4,3,true,Speed,false
2382,7976,CASE-2026-02040,20260508,20260515,2026-05-08T14:22:32,2026-05-15T14:14:48,4,5,false,Self-Service,false
2383,7984,CASE-2026-02048,20260505,20260512,2026-05-05T14:09:26,2026-05-12T12:31:48,3,4,true,Communication,false
2384,7986,CASE-2026-02050,20260507,20260512,2026-05-07T13:50:34,2026-05-12T13:27:16,4,5,true,Other,false
2385,7998,CASE-2026-02062,20260512,20260519,2026-05-12T12:32:41,2026-05-19T14:27:50,4,5,true,Self-Service,false
2386,8003,CASE-2026-02067,20260507,20260515,2026-05-07T15:44:41,2026-05-15T11:48:48,3,4,false,Communication,false
2387,8004,CASE-2026-02068,20260508,20260513,2026-05-08T15:13:07,2026-05-13T15:24:17,5,4,true,Other,false
2388,8010,CASE-2026-02074,20260511,20260511,2026-05-11T10:16:03,2026-05-11T14:35:30,4,4,true,Communication,false
2389,8011,CASE-2026-02075,20260512,20260515,2026-05-12T12:31:20,2026-05-15T12:34:49,5,5,true,Communication,false
2390,8012,CASE-2026-02076,20260518,20260521,2026-05-18T11:01:52,2026-05-21T13:36:48,5,5,true,Speed,false
2391,8019,CASE-2026-02083,20260508,20260514,2026-05-08T10:28:31,2026-05-14T12:47:24,4,4,true,Accuracy,false
2392,8024,CASE-2026-02088,20260526,20260603,2026-05-26T14:40:18,2026-06-03T13:05:34,3,3,true,Speed,false
2393,8026,CASE-2026-02090,20260514,20260515,2026-05-14T10:52:58,2026-05-15T10:20:05,4,4,true,Speed,false
2394,8029,CASE-2026-02093,20260512,20260520,2026-05-12T10:22:01,2026-05-20T08:10:48,5,5,true,Speed,false
2395,8038,CASE-2026-02102,20260522,20260527,2026-05-22T08:44:03,2026-05-27T15:40:04,4,3,false,Accuracy,false
2396,8053,CASE-2026-02117,20260514,20260520,2026-05-14T09:16:36,2026-05-20T15:20:35,3,4,false,Speed,false
2397,8058,CASE-2026-02122,20260518,20260520,2026-05-18T11:39:20,2026-05-20T09:55:13,4,4,true,Speed,false
2398,8061,CASE-2026-02125,20260513,20260513,2026-05-13T08:34:36,2026-05-13T15:30:25,4,4,true,Accuracy,false
2399,8068,CASE-2026-02132,20260521,20260525,2026-05-21T12:22:14,2026-05-25T08:05:12,2,2,false,Speed,true
2400,8070,CASE-2026-02134,20260520,20260526,2026-05-20T12:43:35,2026-05-26T09:10:16,4,5,true,Communication,false
2401,8072,CASE-2026-02136,20260520,20260525,2026-05-20T09:17:18,2026-05-25T13:44:21,3,3,true,Speed,false
2402,8079,CASE-2026-02143,20260513,20260521,2026-05-13T15:04:27,2026-05-21T09:45:43,4,4,false,Self-Service,false
2403,8097,CASE-2026-02161,20260522,20260526,2026-05-22T09:13:13,2026-05-26T14:39:50,1,1,false,Accuracy,true
2404,8099,CASE-2026-02163,20260519,20260525,2026-05-19T08:09:36,2026-05-25T15:09:44,5,5,true,Communication,false
2405,8103,CASE-2026-02167,20260519,20260520,2026-05-19T08:31:10,2026-05-20T10:40:47,4,4,true,Communication,false
2406,8109,CASE-2026-02173,20260518,20260520,2026-05-18T08:47:16,2026-05-20T10:42:00,4,4,true,Speed,false
2407,8119,CASE-2026-02183,20260515,20260515,2026-05-15T12:57:51,2026-05-15T15:15:31,4,4,true,Communication,false
2408,8122,CASE-2026-02186,20260518,20260522,2026-05-18T13:04:24,2026-05-22T12:56:37,5,4,true,Communication,false
2409,8134,CASE-2026-02198,20260515,20260522,2026-05-15T12:33:52,2026-05-22T11:13:17,4,4,true,Communication,false
2410,8142,CASE-2026-02206,20260522,20260601,2026-05-22T12:44:50,2026-06-01T08:16:37,3,4,false,Accuracy,false
2411,8147,CASE-2026-02211,20260519,20260521,2026-05-19T12:04:34,2026-05-21T08:11:04,4,4,true,Accuracy,false
2412,8149,CASE-2026-02213,20260520,20260525,2026-05-20T10:57:20,2026-05-25T15:01:49,4,4,true,Communication,false
2413,8156,CASE-2026-02220,20260519,20260525,2026-05-19T08:41:09,2026-05-25T13:42:23,4,4,false,Speed,false
2414,8160,CASE-2026-02224,20260518,20260521,2026-05-18T14:35:24,2026-05-21T08:11:04,4,4,true,Accuracy,false
2415,8162,CASE-2026-02226,20260519,20260525,2026-05-19T09:27:46,2026-05-25T12:10:10,5,5,true,Communication,false
2416,8163,CASE-2026-02227,20260521,20260525,2026-05-21T13:59:39,2026-05-25T10:52:19,4,3,true,Self-Service,false
2417,8164,CASE-2026-02228,20260528,20260603,2026-05-28T11:26:37,2026-06-03T09:06:33,5,5,true,Communication,false
2418,8167,CASE-2026-02231,20260521,20260527,2026-05-21T08:50:28,2026-05-27T11:08:19,5,5,true,Communication,false
2419,8176,CASE-2026-02240,20260519,20260526,2026-05-19T10:28:03,2026-05-26T14:57:56,5,5,true,Self-Service,false
2420,8178,CASE-2026-02242,20260520,20260521,2026-05-20T08:03:16,2026-05-21T09:48:50,3,4,false,Accuracy,false
2421,8185,CASE-2026-02249,20260520,20260526,2026-05-20T10:33:30,2026-05-26T11:04:32,4,4,true,Speed,false
2422,8187,CASE-2026-02251,20260522,20260529,2026-05-22T15:23:22,2026-05-29T14:39:52,4,4,false,Communication,false
2423,8192,CASE-2026-02256,20260526,20260603,2026-05-26T15:52:14,2026-06-03T12:05:46,3,2,true,Communication,false
2424,8199,CASE-2026-02263,20260522,20260525,2026-05-22T08:13:54,2026-05-25T08:31:41,4,5,true,Speed,false
2425,8201,CASE-2026-02265,20260525,20260527,2026-05-25T10:55:12,2026-05-27T14:41:56,5,5,true,Speed,false
2426,8202,CASE-2026-02266,20260520,20260522,2026-05-20T10:35:26,2026-05-22T11:25:40,4,4,true,Accuracy,false
2427,8203,CASE-2026-02267,20260520,20260521,2026-05-20T08:45:19,2026-05-21T13:00:49,4,4,true,Self-Service,false
2428,8204,CASE-2026-02268,20260522,20260528,2026-05-22T10:24:57,2026-05-28T14:16:35,5,5,true,Speed,false
2429,8206,CASE-2026-02270,20260525,20260602,2026-05-25T14:20:12,2026-06-02T09:24:27,3,3,true,Self-Service,false
2430,8217,CASE-2026-02281,20260525,20260528,2026-05-25T15:56:22,2026-05-28T11:50:39,2,2,false,Speed,true
2431,8226,CASE-2026-02290,20260522,20260527,2026-05-22T12:32:16,2026-05-27T14:14:54,4,4,true,Accuracy,false
2432,8227,CASE-2026-02291,20260522,20260528,2026-05-22T08:07:49,2026-05-28T08:47:43,3,4,false,Speed,false
2433,8230,CASE-2026-02294,20260527,20260601,2026-05-27T09:14:08,2026-06-01T10:55:45,4,3,true,Speed,false
2434,8231,CASE-2026-02295,20260522,20260601,2026-05-22T12:22:51,2026-06-01T08:56:42,3,3,false,Speed,false
2435,8233,CASE-2026-02297,20260528,20260529,2026-05-28T15:57:39,2026-05-29T12:45:07,3,3,true,Communication,false
2436,8236,CASE-2026-02300,20260525,20260601,2026-05-25T14:05:06,2026-06-01T12:39:54,3,3,true,Speed,false
2437,8238,CASE-2026-02302,20260526,20260602,2026-05-26T12:40:31,2026-06-02T14:22:09,5,5,true,Communication,false
2438,8239,CASE-2026-02303,20260601,20260602,2026-06-01T10:33:42,2026-06-02T11:08:58,3,2,true,Speed,false
2439,8241,CASE-2026-02305,20260522,20260522,2026-05-22T08:29:10,2026-05-22T11:23:26,4,4,true,Self-Service,false
2440,8245,CASE-2026-02309,20260527,20260529,2026-05-27T13:06:35,2026-05-29T15:34:52,3,3,false,Accuracy,false
2441,8249,CASE-2026-02313,20260522,20260528,2026-05-22T13:40:55,2026-05-28T11:57:54,4,5,true,Communication,false
2442,8250,CASE-2026-02314,20260525,20260527,2026-05-25T10:29:33,2026-05-27T08:55:20,4,4,false,Speed,false
2443,8251,CASE-2026-02315,20260525,20260601,2026-05-25T12:30:29,2026-06-01T15:44:50,5,5,true,Accuracy,false
2444,8252,CASE-2026-02316,20260527,20260528,2026-05-27T11:38:39,2026-05-28T11:51:53,3,4,true,Accuracy,false
2445,8254,CASE-2026-02318,20260525,20260528,2026-05-25T14:55:15,2026-05-28T12:06:35,5,5,true,Accuracy,false
2446,8258,CASE-2026-02322,20260526,20260529,2026-05-26T14:35:58,2026-05-29T14:14:30,4,4,true,Other,false
2447,8259,CASE-2026-02323,20260525,20260527,2026-05-25T15:29:24,2026-05-27T11:33:39,5,4,true,Other,false
2448,8263,CASE-2026-02327,20260601,20260605,2026-06-01T12:30:11,2026-06-05T10:52:16,3,2,true,Communication,false
2449,8272,CASE-2026-02336,20260526,20260529,2026-05-26T15:11:35,2026-05-29T08:35:11,5,5,true,Communication,false
2450,8273,CASE-2026-02337,20260529,20260602,2026-05-29T11:50:20,2026-06-02T09:49:20,4,4,true,Communication,false
2451,8281,CASE-2026-02345,20260604,20260610,2026-06-04T09:19:11,2026-06-10T13:41:02,4,4,true,Communication,false
2452,8286,CASE-2026-02350,20260526,20260601,2026-05-26T13:38:43,2026-06-01T08:29:03,5,5,true,Communication,false
2453,8288,CASE-2026-02352,20260601,20260604,2026-06-01T12:46:34,2026-06-04T08:40:46,1,2,true,Speed,true
2454,8292,CASE-2026-02356,20260527,20260602,2026-05-27T10:01:45,2026-06-02T08:30:34,4,4,false,Speed,false
2455,8301,CASE-2026-02365,20260526,20260527,2026-05-26T11:17:14,2026-05-27T13:37:21,4,4,false,Self-Service,false
2456,8316,CASE-2026-02380,20260528,20260601,2026-05-28T12:56:22,2026-06-01T11:25:59,5,4,true,Self-Service,false
2457,8319,CASE-2026-02383,20260527,20260602,2026-05-27T13:40:55,2026-06-02T13:47:33,4,4,true,Speed,false
2458,8320,CASE-2026-02384,20260529,20260603,2026-05-29T13:35:49,2026-06-03T10:07:44,4,5,true,Speed,false
2459,8321,CASE-2026-02385,20260528,20260604,2026-05-28T08:34:09,2026-06-04T11:24:18,5,4,true,Communication,false
2460,8324,CASE-2026-02388,20260527,20260601,2026-05-27T08:18:36,2026-06-01T09:57:40,4,2,true,Other,false
2461,8325,CASE-2026-02389,20260526,20260601,2026-05-26T14:38:22,2026-06-01T09:16:40,4,4,true,Accuracy,false
2462,8329,CASE-2026-02393,20260527,20260603,2026-05-27T14:47:09,2026-06-03T14:47:38,4,4,true,Communication,false
2463,8334,CASE-2026-02398,20260528,20260603,2026-05-28T09:16:38,2026-06-03T14:00:07,4,3,true,Communication,false
2464,8337,CASE-2026-02401,20260527,20260603,2026-05-27T12:35:55,2026-06-03T11:33:44,5,5,true,Accuracy,false
2465,8339,CASE-2026-02403,20260529,20260601,2026-05-29T09:42:05,2026-06-01T14:57:03,2,2,false,Accuracy,true
2466,8341,CASE-2026-02405,20260528,20260604,2026-05-28T08:35:16,2026-06-04T09:36:32,5,5,false,Speed,false
2467,8343,CASE-2026-02407,20260610,20260612,2026-06-10T09:55:03,2026-06-12T08:45:57,3,3,true,Speed,false
2468,8350,CASE-2026-02414,20260601,20260604,2026-06-01T14:15:42,2026-06-04T14:39:28,4,4,false,Accuracy,false
2469,8352,CASE-2026-02416,20260601,20260608,2026-06-01T08:21:00,2026-06-08T11:29:20,3,3,true,Speed,false
2470,8353,CASE-2026-02417,20260529,20260605,2026-05-29T11:22:21,2026-06-05T15:12:08,3,3,true,Speed,false
2471,8360,CASE-2026-02424,20260601,20260601,2026-06-01T11:54:05,2026-06-01T14:43:19,4,3,true,Speed,false
2472,8361,CASE-2026-02425,20260602,20260604,2026-06-02T13:52:20,2026-06-04T12:39:48,4,3,true,Accuracy,false
2473,8362,CASE-2026-02426,20260601,20260603,2026-06-01T09:00:15,2026-06-03T12:03:20,4,4,true,Speed,false
2474,8368,CASE-2026-02432,20260610,20260618,2026-06-10T12:47:06,2026-06-18T08:30:32,3,4,true,Communication,false
2475,8370,CASE-2026-02434,20260529,20260605,2026-05-29T13:23:59,2026-06-05T12:27:39,4,5,true,Speed,false
2476,8372,CASE-2026-02436,20260604,20260611,2026-06-04T14:32:51,2026-06-11T09:13:18,3,3,true,Communication,false
2477,8375,CASE-2026-02439,20260529,20260608,2026-05-29T15:17:40,2026-06-08T09:42:55,4,4,false,Speed,false
2478,8377,CASE-2026-02441,20260602,20260604,2026-06-02T09:41:23,2026-06-04T11:06:22,4,4,true,Accuracy,false
2479,8386,CASE-2026-02450,20260605,20260608,2026-06-05T08:14:13,2026-06-08T11:21:40,3,3,true,Accuracy,false
2480,8398,CASE-2026-02462,20260605,20260611,2026-06-05T11:58:52,2026-06-11T11:39:06,3,4,true,Communication,false
2481,8400,CASE-2026-02464,20260601,20260608,2026-06-01T14:50:08,2026-06-08T14:33:10,4,5,true,Other,false
2482,8401,CASE-2026-02465,20260605,20260610,2026-06-05T08:04:52,2026-06-10T14:58:15,3,3,true,Accuracy,false
2483,8416,CASE-2026-02480,20260602,20260604,2026-06-02T13:15:47,2026-06-04T09:51:43,3,3,true,Accuracy,false
2484,8425,CASE-2026-02489,20260604,20260610,2026-06-04T10:08:19,2026-06-10T09:03:03,4,5,false,Other,false
2485,8428,CASE-2026-02492,20260604,20260608,2026-06-04T12:27:45,2026-06-08T08:33:40,3,3,false,Accuracy,false
2486,8429,CASE-2026-02493,20260602,20260608,2026-06-02T13:45:56,2026-06-08T12:51:28,3,3,true,Accuracy,false
2487,8444,CASE-2026-02508,20260603,20260609,2026-06-03T10:41:08,2026-06-09T12:40:11,5,5,true,Speed,false
2488,8451,CASE-2026-02515,20260612,20260612,2026-06-12T10:36:20,2026-06-12T12:40:47,3,4,false,Communication,false
2489,8469,CASE-2026-02533,20260609,20260616,2026-06-09T11:10:38,2026-06-16T09:59:18,2,3,true,Speed,true
2490,8479,CASE-2026-02543,20260612,20260622,2026-06-12T12:01:43,2026-06-22T09:35:22,3,3,false,Speed,false
2491,8484,CASE-2026-02548,20260617,20260622,2026-06-17T08:27:31,2026-06-22T11:00:04,3,3,true,Speed,false
2492,8504,CASE-2026-02568,20260605,20260612,2026-06-05T15:25:13,2026-06-12T13:31:58,4,4,true,Speed,false
2493,8507,CASE-2026-02571,20260608,20260609,2026-06-08T11:56:33,2026-06-09T10:08:10,4,5,true,Self-Service,false
2494,8509,CASE-2026-02573,20260609,20260612,2026-06-09T15:56:51,2026-06-12T15:46:32,4,3,true,Communication,false
2495,8515,CASE-2026-02579,20260609,20260611,2026-06-09T13:28:39,2026-06-11T12:54:10,4,4,true,Self-Service,false
2496,8516,CASE-2026-02580,20260611,20260611,2026-06-11T08:24:22,2026-06-11T14:30:38,3,3,true,Accuracy,false
2497,8520,CASE-2026-02584,20260619,20260625,2026-06-19T12:58:07,2026-06-25T11:36:11,3,3,true,Speed,false
2498,8523,CASE-2026-02587,20260611,20260616,2026-06-11T08:59:58,2026-06-16T10:10:56,5,5,true,Self-Service,false
2499,8525,CASE-2026-02589,20260609,20260611,2026-06-09T12:52:05,2026-06-11T15:59:41,5,5,true,Communication,false
2500,8535,CASE-2026-02599,20260608,20260615,2026-06-08T15:33:43,2026-06-15T09:30:20,5,5,true,Other,false
2501,8536,CASE-2026-02600,20260610,20260618,2026-06-10T11:49:20,2026-06-18T11:25:21,5,5,true,Speed,false
2502,8545,CASE-2026-02609,20260618,20260625,2026-06-18T09:42:11,2026-06-25T15:27:22,3,2,true,Speed,false
2503,8555,CASE-2026-02619,20260622,20260625,2026-06-22T13:44:58,2026-06-25T08:00:26,3,3,true,Self-Service,false
2504,8557,CASE-2026-02621,20260610,20260610,2026-06-10T08:25:02,2026-06-10T14:43:49,4,5,true,Accuracy,false
2505,8558,CASE-2026-02622,20260611,20260617,2026-06-11T14:10:12,2026-06-17T14:31:49,5,5,true,Speed,false
2506,8559,CASE-2026-02623,20260609,20260616,2026-06-09T13:29:20,2026-06-16T15:49:28,3,2,false,Speed,false
2507,8562,CASE-2026-02626,20260611,20260618,2026-06-11T10:46:54,2026-06-18T14:37:44,4,4,true,Self-Service,false
2508,8566,CASE-2026-02630,20260610,20260617,2026-06-10T09:01:58,2026-06-17T10:12:31,3,3,false,Communication,false
2509,8568,CASE-2026-02632,20260609,20260617,2026-06-09T15:25:41,2026-06-17T12:02:16,5,5,true,Speed,false
2510,8570,CASE-2026-02634,20260610,20260610,2026-06-10T12:47:25,2026-06-10T15:21:07,4,4,true,Self-Service,false
2511,8590,CASE-2026-02654,20260610,20260618,2026-06-10T12:44:17,2026-06-18T11:43:00,4,4,false,Self-Service,false
2512,8596,CASE-2026-02660,20260612,20260615,2026-06-12T14:47:11,2026-06-15T11:54:54,5,5,true,Speed,false
2513,8599,CASE-2026-02663,20260612,20260619,2026-06-12T12:32:06,2026-06-19T15:19:08,3,3,false,Accuracy,false
2514,8602,CASE-2026-02666,20260611,20260617,2026-06-11T11:33:24,2026-06-17T12:34:05,4,5,true,Accuracy,false
2515,8638,CASE-2026-02702,20260612,20260622,2026-06-12T15:09:59,2026-06-22T08:43:07,4,3,true,Communication,false
2516,8643,CASE-2026-02707,20260615,20260617,2026-06-15T14:12:42,2026-06-17T08:28:11,3,4,true,Accuracy,false
2517,8646,CASE-2026-02710,20260615,20260615,2026-06-15T09:52:48,2026-06-15T13:21:06,5,4,true,Accuracy,false
2518,8655,CASE-2026-02719,20260622,20260623,2026-06-22T09:28:17,2026-06-23T12:57:09,4,4,true,Speed,false
2519,8680,CASE-2026-02744,20260618,20260625,2026-06-18T14:17:15,2026-06-25T08:13:11,5,5,true,Communication,false
2520,8683,CASE-2026-02747,20260622,20260626,2026-06-22T14:04:38,2026-06-26T09:38:44,2,2,true,Accuracy,true
2521,8684,CASE-2026-02748,20260616,20260619,2026-06-16T09:52:11,2026-06-19T10:29:05,3,3,true,Communication,false
2522,8686,CASE-2026-02750,20260618,20260625,2026-06-18T11:40:29,2026-06-25T09:25:20,4,5,true,Communication,false
2523,8691,CASE-2026-02755,20260617,20260618,2026-06-17T15:11:41,2026-06-18T13:34:00,4,4,true,Accuracy,false
2524,8693,CASE-2026-02757,20260622,20260626,2026-06-22T09:48:55,2026-06-26T09:11:16,5,4,true,Communication,false
2525,8694,CASE-2026-02758,20260623,20260626,2026-06-23T13:03:47,2026-06-26T11:26:47,3,2,false,Speed,false
2526,8699,CASE-2026-02763,20260617,20260623,2026-06-17T08:01:24,2026-06-23T08:01:50,5,4,true,Speed,false
2527,8702,CASE-2026-02766,20260616,20260623,2026-06-16T13:27:27,2026-06-23T10:21:42,4,4,false,Other,false
2528,8707,CASE-2026-02771,20260617,20260619,2026-06-17T14:56:13,2026-06-19T11:18:52,3,2,false,Self-Service,false
2529,8708,CASE-2026-02772,20260617,20260618,2026-06-17T14:55:00,2026-06-18T09:33:37,4,5,true,Speed,false
2530,8723,CASE-2026-02787,20260618,20260626,2026-06-18T09:06:52,2026-06-26T09:01:28,5,5,true,Self-Service,false
2531,8725,CASE-2026-02789,20260622,20260625,2026-06-22T15:47:26,2026-06-25T10:42:10,3,3,true,Speed,false
2532,8731,CASE-2026-02795,20260618,20260623,2026-06-18T11:18:41,2026-06-23T09:32:19,3,4,false,Communication,false
2533,8733,CASE-2026-02797,20260618,20260619,2026-06-18T09:26:16,2026-06-19T12:46:41,4,4,true,Self-Service,false
2534,8740,CASE-2026-02804,20260617,20260624,2026-06-17T15:58:21,2026-06-24T09:46:37,5,5,true,Other,false
2535,8743,CASE-2026-02807,20260618,20260622,2026-06-18T11:31:33,2026-06-22T08:20:19,4,4,true,Other,false
2536,8745,CASE-2026-02809,20260618,20260619,2026-06-18T13:28:40,2026-06-19T13:36:07,4,4,true,Communication,false
2537,8746,CASE-2026-02810,20260618,20260624,2026-06-18T10:29:46,2026-06-24T09:59:09,5,5,true,Speed,false
2538,8787,CASE-2026-02851,20260624,20260625,2026-06-24T08:54:40,2026-06-25T11:52:03,5,5,true,Speed,false
2539,8807,CASE-2026-02871,20260623,20260623,2026-06-23T09:03:49,2026-06-23T15:30:59,4,4,true,Accuracy,false
2540,8818,CASE-2026-02882,20260623,20260625,2026-06-23T13:24:12,2026-06-25T10:08:32,4,5,true,Self-Service,false
2541,8836,CASE-2026-02900,20260625,20260629,2026-06-25T15:53:17,2026-06-29T12:44:55,4,4,true,Speed,false
2542,8862,CASE-2026-02926,20260624,20260626,2026-06-24T09:43:38,2026-06-26T10:38:49,4,4,true,Communication,false
2543,8912,CASE-2026-02976,20260629,20260630,2026-06-29T15:17:35,2026-06-30T09:27:58,4,3,true,Accuracy,false
